{
    "version": 1.0,
    "projetos": [{
            "api": "cpf",
            "nome": "Consulta CPF",
            "logo": "images/consulta-cpf.png",
            "style": "width: 142px;",
            "endpointMock": "/consulta-cpf-trial/1",
            "urlJsonSwaggerMock": "https://rawgit.com/devserpro/apis/master/_layouts/swaggers/cpf/swagger-cpf-df-trial-",
            "endpointProducao": "/consulta-cpf/v1",
            "urlJsonSwaggerProducao": "https://rawgit.com/devserpro/apis/master/_layouts/swaggers/cpf/swagger-cpf-prod-"
        },
        {
            "api": "cnpj",
            "nome": "Consulta CNPJ",
            "logo": "images/consulta-cnpj.png",
            "style": "width: 161px;",
            "endpointMock": "/consulta-cnpj-trial/1",
            "urlJsonSwaggerMock": "https://rawgit.com/devserpro/apis/master/_layouts/swaggers/cnpj/swagger-cnpj-df-trial-",
            "endpointProducao": "/consulta-cnpj/v1",
            "urlJsonSwaggerProducao": "https://rawgit.com/devserpro/apis/master/_layouts/swaggers/cnpj/swagger-cnpj-prod-"
        },
        {
            "api": "nfe",
            "nome": "Consulta NFE",
            "logo": "images/consulta-nfe.png",
            "style": "width: 153px;",
            "endpointMock": "/nfe-trial/1",
            "urlJsonSwaggerMock": "https://rawgit.com/devserpro/apis/master/_layouts/swaggers/nfe/swagger-nfe-df-trial-",
            "endpointProducao": "/nfe/1",
            "urlJsonSwaggerProducao": "https://rawgit.com/devserpro/apis/master/_layouts/swaggers/nfe/swagger-nfe-prod-"
        },
        {
            "api": "datavalid",
            "nome": "Datavalid - Plano Antigo - B?sico",
            "logo": "images/datavalid-antigo-basico.png",
            "style": "width: 161px;",
            "endpointMock": "https://apigateway.serpro.gov.br/datavalid-trial/basico/vbeta1",
            "urlJsonSwaggerMock": "https://rawgit.com/devserpro/apis/master/datavalid/degustacao/DocumentacaoPlanoBasico.json",
            "endpointProducao": "https://apigateway.serpro.gov.br/datavalid/basico/vbeta1",
            "urlJsonSwaggerProducao": "https://rawgit.com/devserpro/apis/master/datavalid/producao/DocumentacaoPlanoBasico.json"
        },
        {
            "api": "datavalid",
            "nome": "Datavalid - Plano Antigo - Biometria",
            "logo": "images/datavalid-antigo-biometria.png",
            "style": "width: 161px;",
            "endpointMock": "https://apigateway.serpro.gov.br/datavalid-trial/basico/vbeta1",
            "urlJsonSwaggerMock": "https://rawgit.com/devserpro/apis/master/datavalid/degustacao/DocumentacaoPlanoBiometria.json",
            "endpointProducao": "https://apigateway.serpro.gov.br/datavalid/biometria/vbeta1",
            "urlJsonSwaggerProducao": "https://rawgit.com/devserpro/apis/master/datavalid/producao/DocumentacaoPlanoBiometria.json"
        },
        {
            "api": "datavalid",
            "nome": "Datavalid - Plano Novo",
            "logo": "images/datavalid-plan-novo.png",
            "style": "width: 161px;",
            "endpointMock": "https://apigateway.serpro.gov.br/datavalid-trial/biometria/vbeta1",
            "urlJsonSwaggerMock": "https://rawgit.com/devserpro/apis/master/datavalid/degustacao/DocumentacaoPlanoNovo.json",
            "endpointProducao": "https://apigateway.serpro.gov.br/datavalid/biometria/vbeta1",
            "urlJsonSwaggerProducao": "https://rawgit.com/devserpro/apis/master/datavalid/producao/DocumentacaoPlanoNovo.json"
        },
        {
            "api": "datavalid",
            "nome": "Datavalid - Plano Novo Entidades",
            "logo": "images/datavalid-plan-novo-entid.png",
            "style": "width: 161px;",
            "endpointMock": "https://apigateway.serpro.gov.br/datavalid-trial/biometria/vbeta1",
            "urlJsonSwaggerMock": "",
            "endpointProducao": "https://apigateway.serpro.gov.br/datavalid/biometria/vbeta1",
            "urlJsonSwaggerProducao": "https://rawgit.com/devserpro/apis/master/datavalid/producao/DocumentacaoPlanoNovo-entidade.json"
        },
         {
            "api": "viodec",
            "nome": "API VIO Decodificação",
            "logo": "images/vio-letras.png",
            "style": "width: 161px;",
            "endpointMock": "https://apigateway.serpro.gov.br/viodec-trial/v1/decode",
            "urlJsonSwaggerMock": "https://rawgit.com/devserpro/apis/master/_layouts/swaggers/vio/swagger-viodec-prod-",
            "endpointProducao": "https://apigateway.serpro.gov.br/viodec/v1/decode",
            "urlJsonSwaggerProducao": "https://rawgit.com/devserpro/apis/master/_layouts/swaggers/vio/swagger-viodec-prod-"
        }
   ]
}
