[
    {
        "nome":"Consulta CPF",
        "descricao":"Acesse dados de pessoas físicas diretamente das bases da Receita Federal",
        "imagem":"badge-cpf",
        "modelo":"cpf-bsa"
    },
    {
        "nome":"Consulta CNPJ",
        "descricao":"Acesse dados de pessoas jurídicas diretamente das bases da Receita Federal",
        "imagem":"badge-cnpj",
        "modelo":"cnpj-bsa"
    },
    {
        "nome":"Consulta NF-e",
        "descricao":"Acesse dados de nota fiscal eletrônica diretamente do SPED",
        "imagem":"badge-nfe",
        "modelo":"nfe-bsa"
    },
    {
        "nome":"Integra SIAFI",
        "descricao":"Registre e consulte documentos contábeis diretamente no SIAFI",
        "imagem":"badge-siafi",
        "modelo":"siafi-bsa"
    },
    {
        "nome":"Consulta Dívida Ativa",
        "descricao":"Acesse dados detalhados sobre as dívidas ativas da União direto das bases da PGFN",
        "imagem":"badge-divida-ativa",
        "modelo":"dividaativa-bsa"
    },
    {
        "nome":"Consulta DU-E",
        "descricao":"Acesse dados detalhados sobre a Declaração Única de Exportação diretamente das bases do MDIC",
        "imagem":"badge-due",
        "modelo":"due-bsa"
    },
    {
        "nome":"Datavalid",
        "descricao":"Consulte as bases originais de governo para validar as informações e fazer a verificação dos dados",
        "imagem":"badge-datavalid",
        "modelo":"datavalid"
    },
    {
        "nome":"Proxima Api",
        "descricao":"Ainda em desenvolvimento",
        "imagem":"badge-proxima",
        "modelo":""
    }                              
]
