{
  "nome": "API Consulta CNPJ",
  "subtitulo": "Acesse dados de pessoas físicas diretamente das bases da receita federal",
  "descricao": "A API CNPJ fornece consulta aos dados do CNPJ de forma direta e atualizada. Garantido aos usuários a integridade dessas informações em um ambiente confiável e seguro.",
  "linkInfoNegocio": "https://github.com/devserpro/apis/raw/master/portal-desenvolvedor/apis/documentos/Detalhamento-CNPJ.pdf",
  "informacoes": {
    "idProducao": " consulta-cnpj",
    "idDegustacao": " consulta-cnpj-trial",
    "formatos": [
      " JSON"
    ]
  },
    "operacoes": [
    {
      "path": "/v1/cnpj/{ni}",
      "id": "op1",
      "descricao": "Consulta dados de Pessoa Jurídica pelo Número de Inscrição(NI)",
      "metodo": "GET",
      "entrada": [
        {
          "campo": "ni",
          "descricao": "Número de inscrição no Cadastro Nacional de Pessoa Jurídica",
          "tipo": "string"
        }
      ],
      "saida": [
        {
          "campo": "ni",
          "descricao": "Número de inscrição no Cadastro Nacional de Pessoa Jurídica",
          "tipo": "string"
        },
        {
          "campo": "data_abertura",
          "descricao": "Data de abertura da Pessoa Jurídica",
          "tipo": "string"
        },
        {
          "campo": "nome_empresarial",
          "descricao": "Nome empresarial da Pessoa Jurídica",
          "tipo": "string"
        },
        {
          "campo": "nome_fantasia",
          "descricao": "Nome fantasia da Pessoa Jurídica",
          "tipo": "string"
        },
        {
          "campo": "cnae_principal",
          "descricao": "Informação da Classificação Nacional de Atividades Econômicas (CNAE) Principal da Pessoa Jurídica",
          "tipo": "string"
        },
        {
          "campo": "natureza_juridica",
          "descricao": "Informação da Natureza Jurídica da Pessoa Jurídica",
          "tipo": "string"
        },
        {
          "campo": "endereco",
          "descricao": "Endereço da Pessoa Jurídica",
          "tipo": "string"
        },
        {
          "campo": "situacao_especial",
          "descricao": "Situação Especial da Pessoa Jurídica",
          "tipo": "string"
        },
        {
          "campo": "situacao_cadastral",
          "descricao": "Situação Cadastral da Pessoa Jurídica",
          "tipo": "string"
        },
        {
          "campo": "orgao",
          "descricao": "Órgão da Pessoa Jurídica",
          "tipo": "string"
        },
        {
          "campo": "tipo_estabelecimento",
          "descricao": "Tipo de Estabelecimento da Pessoa Jurídica",
          "tipo": "string"
        },
        {
          "campo": "correio_eletronico",
          "descricao": "Correio eletrônico (e-mail) da Pessoa Jurídica",
          "tipo": "string"
        },
        {
          "campo": "capital_social",
          "descricao": "Capital Social da Pessoa Jurídica",
          "tipo": "string"
        },
        {
          "campo": "porte",
          "descricao": "Porte da Pessoa Jurídica",
          "tipo": "string"
        },
        {
          "campo": "telefones",
          "descricao": "Números de Telefone da Pessoa Jurídica",
          "tipo": "string"
        },
        {
          "campo": "nome_orgao",
          "descricao": "Nome do Órgão da Pessoa Jurídica",
          "tipo": "string"
        },
        {
          "campo": "ente_federativo",
          "descricao": "Ente Federativo da Pessoa Jurídica",
          "tipo": "string"
        }
      ],
      "teste":  [
        {
          "ni": "CNPJ: &nbsp 34238864000168",
          "situacao": "CNPJ em situação: &nbsp Ativa"
        },
        {
          "ni": "CNPJ: &nbsp 54447820000155",
          "situacao": "CNPJ em situação: &nbsp Ativa"
        },
        {
          "ni": "CNPJ: &nbsp 46768703000165",
          "situacao": "CNPJ em situação: &nbsp Ativa"
        },
        {
          "ni": "CNPJ: &nbsp 31151791000184",
          "situacao": "CNPJ em situação: &nbsp Ativa"
        },
        {
          "ni": "CNPJ: &nbsp 34428654000132",
          "situacao": "CNPJ em situação: &nbsp Ativa"
        },
        {
          "ni": "CNPJ: &nbsp 06115832000130",
          "situacao": "CNPJ em situação: &nbsp Baixada"
        },
        {
          "ni": "CNPJ: &nbsp 78078291000128",
          "situacao": "CNPJ em situação: &nbsp Ativa"
        },
        {
          "ni": "CNPJ: &nbsp 52293473000128",
          "situacao": "CNPJ em situação: &nbsp Ativa"
        },
        {
          "ni": "CNPJ: &nbsp 07781066000105",
          "situacao": "CNPJ em situação: &nbsp Ativa"
        },
        {
          "ni": "CNPJ: &nbsp 60367129000164",
          "situacao": "CNPJ em situação: &nbsp Ativa"
        }
      ],
      "exemplos": [
        {
          "linguagem": "CURL",
          "exemplo": "curl -X GET -H \"Accept: application/json\" -H \"Authorization: Bearer [token de acesso]\"\n\"https://apigateway.serpro.gov.br/consulta-cnpj-trial/v1/cnpj/34238864000168\""
        },
        {
          "linguagem": "VBA",
          "exemplo": "Dim objHTTP As New WinHttpRequest\nDim strURL As String\nDim response As String\n\n\nstrURL = \"https://apigateway.serpro.gov.br/consulta-cnpj-trial/v1/cnpj/34238864000168\"\n\nobjHTTP.Open \"GET\", strURL, False\nobjHTTP.SetRequestHeader \"Authorization\", \"Bearer [token de acesso]\"\nobjHTTP.SetRequestHeader \"Accept\", \"application/json\"\nobjHTTP.Send\n\nresponse = objHTTP.ResponseText\n\nMsgBox response"
        },
        {
          "linguagem": "Node.js",
          "exemplo": "var request = require(\"request\");\n\nvar options = {\n  method: 'GET',\n  url: 'https://apigateway.serpro.gov.br/consulta-cnpj-trial/v1/cnpj/34238864000168',\n  headers: { authorization: 'Bearer [token de acesso]' },\n  body: {},\n  json: true };\n\nrequest(options, function (error, response, body) {\n  if (error) throw new Error(error);\n\n  console.log(body);\n});"
        }
      ],
      "respostas": [
        {
          "codigo": "200",
          "mensagem": "OK",
          "exemplo": "{\n\t\"ni\":\"34238864000168\",\n\t\"data_abertura\":\"1967-06-30\",\n\t\"nome_empresarial\":\"SERVICO DE E-COMERCE LTDA\",\n\t\"nome_fantasia\":\"E-COMERCE\",\n\t\"cnae_principal\":\n\t{\n\t\t\"codigo\":\"6204000\",\n\t\t\"descricao\":\"Consultoria em e-comerce\",\n\t},\n\t\"natureza_juridica\":\n\t{\n\t\t\"codigo\":\"2011\",\n\t\t\"descricao\":\"Empresa Pública\"\n\t},\n\t\"endereco\":\n\t{\n\t\t\"logradouro\":\"ST DE GRANDE AREA NORTE\",\n\t\t\"numero\":\"Q.601\",\n\t\t\"complemento\":\"LOVE V\",\n\t\t\"cep\":\"70836900\",\n\t\t\"bairro\":\"ASA NORTE\",\n\t\t\"municipio\":\"BRASILIA\",\n\t\t\"uf\":\"DF\"\n\t},\n\t\"situacao_especial\":\"string\",\n\t\"situacao_cadastral\":\n\t{\n\t\t\"codigo\":\"2\",\n\t\t\"data\":\"2004-05-22\",\n\t\t\"motivo\":\"string\"\n\t},\n\t\"orgao\":\"0110100\",\n\t\"tipo_estabelecimento\":\"1\",\n\t\"correio_eletronico\":\"string\",\n\t\"capital_social\":\"0\",\n\t\"porte\":\"05\",\n\t\"telefones\":\n\t[\n\t\t{\n\t\t\"ddd\":\"061\",\n\t\t\"numero\":\"4338456\"\n\t\t}\n\t],\n\t\"nome_orgao\":\"BRASILIA\",\n\t\"ente_federativo\":\"BR\",\n\t\"data_situacao_especial\":\"string\"\n}"
        },
        {
          "codigo": "400",
          "mensagem": "BAD REQUEST",
          "exemplo": "[\n\t{\n\t\t\"property\":\"ni\",\n\t\t\"message\":\"CPF 11111111111 inválido\"\n\t}\n]"
        },
        {
          "codigo": "404",
          "mensagem": "NOT FOUND",
          "exemplo": "{}"
        },
        {
          "codigo": "500",
          "mensagem": "SERVER INTERNAL ERROR",
          "exemplo": "{\n\t\"error\":&nbsp\"no reponse from server\"\n}"
        }
      ]
    }
  ]
}
     
