{
  "nome": "API Consulta DUe",
  "subtitulo": "Acesse dados detalhados sobre a Declaraçao Única de Exportação, diretamente das bases do MDIC e da RFB. ",
  "descricao": "A API Consulta DUE permite a consulta dos dados da DUE de forma direta e atualizada. Garantido aos usuários a integridade dessas informações em um ambiente confiável e seguro. A integração de seus sistemas com a DUE permitirá a você obter Informações básicas de identificação da exportação, Situação atual da DUE, Locais de Despacho e Embarque e outros Itens da DUE",
  "linkInfoNegocio": "https://github.com/devserpro/apis/raw/master/portal-desenvolvedor/apis/documentos/Informacoes-DUE.pdf",
  "informacoes": {
    "idProducao": " api-consulta-due",
    "idDegustacao": " api-consulta-due-trial",
    "formatos": [
      " JSON"
    ]
  },
    "operacoes": [
    {
      "path": "/v2/due/{numero}/{chave}",
      "id": "op1",
      "descricao": "Consulta dados da DUE através do Número da DUE e de sua Chave de Acesso",
      "metodo": "GET",
      "entrada": [
        {
          "campo": "Número da DUE e Chave de Acesso",
          "descricao": "Identificação da credencial da DUE",
          "tipo": "string"
        }
      ],
      "saida": [
        {
          "campo": "numero",
          "descricao": "Número da DUE",
          "tipo": "string"
        },
        {
          "campo": "ruc",
          "descricao": "Registro Único de Carga",
          "tipo": "string"
        },
        {
          "campo": "chaveDeAcesso",
          "descricao": "Identificação da chave de acesso",
          "tipo": "string"
        },
        {
          "campo": "situacao",
          "descricao": "situação",
          "tipo": "string"
        },
        {
          "campo": "canal",
          "descricao": "meio",
          "tipo": "string"
        },
        {
          "campo": "exigencia",
          "descricao": "Obrigatoriedade",
          "tipo": "boolean"
        },
        {
          "campo": "retificada",
          "descricao": "Quando houve alterações",
          "tipo": "boolean"
        },
        {
          "campo": "tratamentoAdministrativo",
          "descricao": "Se a declaração possui algum tratamento",
          "tipo": "string"
        },
        {
          "campo": "tratamentoAdministrativoComImpedimentoDeEmbarque",
          "descricao": "Se a declaração possui algum impedimento administrativo",
          "tipo": "boolean"
        },
        {
          "campo": "tratamentoAdministrativoComRequerimentoDeInspecao",
          "descricao": "Se a declaração possui algum requerimento de inspeção",
          "tipo": "boolean"
        },
        {
          "campo": "situacaoDaCarga",
          "descricao": "Situação da carga",
          "tipo": "string"
        },
        {
          "campo": "bloqueadaParaEmbarque",
          "descricao": "Condição de bloqueio para embarque",
          "tipo": "boolean"
        },
        {
          "campo": "tipoDeDocumentoFiscal",
          "descricao": "Qual o tipo do documento informado",
          "tipo": "string"
        },
        {
          "campo": "motivoDeDispensaDeNotaFiscal",
          "descricao": "O motivo da dispensa da NF",
          "tipo": "string"
        },
        {
          "campo": "declarante",
          "descricao": "Dados como nome, nacionalidade e documento",
          "tipo": "object"
        },
        {
          "campo": "operadorEconomicoAutorizado",
          "descricao": "Indicador de autorização de operador econômico",
          "tipo": "boolean"
        },
        {
          "campo": "formaDeExportacao",
          "descricao": "A maneiro como o produto será exportado",
          "tipo": "string"
        },
        {
          "campo": "situacaoEspecial",
          "descricao": "Se existe alguma condição especial",
          "tipo": "string"
        },
        {
          "campo": "exportacaoConsorciada",
          "descricao": "Se a exportação é consorciada",
          "tipo": "boolean"
        },
        {
          "campo": "paisDoImportador",
          "descricao": "Dados como nome, código e nome resumido do pais importador",
          "tipo": "object"
        },
        {
          "campo": "pesoLiquidoTotal",
          "descricao": "Peso líquido total",
          "tipo": "number"
        },
        {
          "campo": "tratamentoPrioritario",
          "descricao": "Se há tratamento prioritário",
          "tipo": "boolean"
        },
        {
          "campo": "valorTotalDasMercadorias",
          "descricao": "Valor total das mercadorias",
          "tipo": "number"
        },
        {
          "campo": "moeda",
          "descricao": "Dados como código e descrição da moeda",
          "tipo": "object"
        },
        {
          "campo": "valorDaMercadoriaNoLocalDeEmbarque",
          "descricao": "Valor da mercadoria no local de embarque",
          "tipo": "number"
        },
        {
          "campo": "contato",
          "descricao": "Dados como nome, fone, email...",
          "tipo": "object"
        },
        {
          "campo": "localDeDespacho",
          "descricao": "Dados como unidade RFB, recinto aduaneiro e cnpj do estabelecimento",
          "tipo": "object"
        },
        {
          "campo": "localDeEmbarque",
          "descricao": "Dados como unidade RFB, recinto aduaneiro e cnpj do estabelecimento",
          "tipo": "object"
        },
        {
          "campo": "viaEspecialDeTransporte",
          "descricao": "Se há alguma via especial de transporte",
          "tipo": "string"
        },
        {
          "campo": "usoObrigatorioDeTransito",
          "descricao": "Se há obrigatoriedade no trânsito",
          "tipo": "boolean"
        },
        {
          "campo": "informacoesComplementares",
          "descricao": "Quaisquer informações adicionais",
          "tipo": "string"
        },
        {
          "campo": "itens",
          "descricao": "Itens constante da DUE",
          "tipo": "object"
        },
        {
          "campo": "eventosDoHistorico",
          "descricao": "Dados históricos",
          "tipo": "object"
        }
      ],
      "teste":  [
        {
          "ni": "numero: 18BR0000151067 &nbsp chave: 18NYJ151060", 
          "situacao": "Credencias com retorno HTTP 200"
        },
        {
          "ni": "numero: 18BR000015106 &nbsp &nbsp chave: 18NYJ15106", 
          "situacao": "Credencias com retorno HTTP 400"
        },
        {
          "ni": "numero: 17BR0000015111 &nbsp chave: 17NYJ125811",
          "situacao": "Credencias com retorno HTTP 404"
        }
      ],
      "exemplos": [
        {
          "linguagem": "CURL",
          "exemplo": "curl -X GET -H \"Accept: application/json\" -H \"Authorization: Bearer [token de acesso]\"\n\"https://apigateway.serpro.gov.br/api-consulta-due-trial/v2/due/{numero}/{chave}\""
        },
        {
          "linguagem": "VBA",
          "exemplo": "Dim objHTTP As New WinHttpRequest\nDim strURL As String\nDim response As String\n\n\nstrURL = \"api-consulta-due-trial/v2/due/{numero}/{chave}\"\n\nobjHTTP.Open \"GET\", strURL, False\nobjHTTP.SetRequestHeader \"Authorization\", \"Bearer [token de acesso]\"\nobjHTTP.SetRequestHeader \"Accept\", \"application/json\"\nobjHTTP.Send\n\nresponse = objHTTP.ResponseText\n\nMsgBox response"
        },
        {
          "linguagem": "Node.js",
          "exemplo": "var request = require(\"request\");\n\nvar options = {\n  method: 'GET',\n  url: 'api-consulta-due-trial/v2/due/{numero}/{chave}',\n  headers: { authorization: 'Bearer [token de acesso]' },\n  body: {},\n  json: true };\n\nrequest(options, function (error, response, body) {\n  if (error) throw new Error(error);\n\n  console.log(body);\n});"
        }
      ],
      "respostas": [
        {
          "codigo": "200",
          "mensagem": "OK",
          "exemplo": "{\n\t\"numero\":\"18BR0000151067\",\n\t\"ruc\":\"8BR00000000100000000000000000013602\",\n\t\"chaveDeAcesso\":\"18NYJ151060\",\n\t\"tratamentoAdministrativoComImpedimentoDeEmbarque\":\"false\",\n\t\"situacaoDaCarga\":\"null\",\n\t\"bloqueadaParaEmbarque\":\"false\",\n\t\"operadorEconomicoAutorizado\":\"false\",\n\t\"tratamentoPrioritario\":\"true\",\n\t\"moeda\":&nbsp{\n\t\t\"codigo\":\"220\",\n\t\t\"descricao\":\"DOLAR DOS EUA\"\n\t},\n\t\"localDeDespacho\":&nbsp{\n\t\t\"unidadeRFB\":&nbsp{\n\t\t\t\"codigo\":\"716600\",\n\t\t\t\"descricao\":\"PORTO DO RIO\"\n\t\t},\n\t\t\"recintoAduaneiro\":&nbsp{\n\t\t\t\"codigo\":\"7921301\",\n\t\t\t\"descricao\":\"PORTO DO RIO DE JANEIRO - CODERJ - RIO DE JANEIRO/RJ - PORTO MARIT.ALFAND.-USO PUBLICO-CIA.DOCAS DO EST.DO RIO DE JANEIR\",\n\t\t\t\"latitude\":\"-20.812222\",\n\t\t\t\"longitude\":\"-40.248333\"\n\t\t}\n\t},\n\t\"usoObrigatorioDeDocumentoDeTransito\":\"false\",\n\t\"itens\":&nbsp[\n\t\t{\n\t\t\t\"numero\":\"1\",\n\t\t\t\"exportador\":&nbsp{\n\t\t\t\t\"nome\":\"OWMKX NX OIWUQD UW\",\n\t\t\t\t\"nacionalidade\":&nbsp{\n\t\t\t\t\t\"codigo\":&nbsp\"105\",\n\t\t\t\t\t\"nome\":&nbsp\"BRASIL\",\n\t\t\t\t\t\"nomeResumido\":&nbsp\"BRA\"\n\t\t\t\t},\n\t\t\t\t\"numeroDoDocumento\":&nbsp\"00000000002720\",\n\t\t\t\t\"tipoDoDocumento\":&nbsp\"CNPJ\",\n\t\t\t\t\"estrangeiro\":&nbsp\"false\"\n\t\t\t},\n\t\t\t\"itemDaNotaFiscalDeExportacao\":&nbsp{\n\t\t\t\t\"notaFiscalEletronica\":&nbsp\"true\",\n\t\t\t\t\"finalidade\":&nbsp\"NORMAL\",\n\t\t\t\t\"serie\":&nbsp\"90\",\n\t\t\t\t\"cfop\":&nbsp\"7101\",\n\t\t\t\t\"numeroDoItem\":&nbsp\"1\",\n\t\t\t\t\"numeroDoDocumento\":&nbsp\"684320\",\n\t\t\t\t\"chaveDeAcesso\":&nbsp\"35180500000000002720550900006843201000000009\",\n\t\t\t\t\"codigoDoProduto\":&nbsp\"000000000000021600001\"\n\t\t\t},\n\t\t\t\"ncm\":&nbsp{\n\t\t\t\t\"codigo\":&nbsp\"12011000\",\n\t\t\t\t\"descricao\":&nbsp\"SOJA, MESMO TRITURADA\",\n\t\t\t\t\"unidadeEstatistica\":&nbsp\"UNIDADE\",\n\t\t\t\t\"atributos\":&nbsp[\n\t\t\t\t\t{\n\t\t\t\t\t\t\"codigo\":&nbsp\"001\",\n\t\t\t\t\t\t\"conteudo\":&nbsp\"Estampado\",\n\t\t\t\t\t\t\"descricao\":&nbsp\"Tipo de tecido\"\n\t\t\t\t\t}\n\t\t\t\t]\n\t\t\t},\n\t\t\t\"descricaoDaMercadoria\":&nbsp\"PRODUTO GENERICO TESTE - GRADE COMPOSTA 34.\",\n\t\t\t\"quantidadeNaUnidadeEstatisica\":&nbsp\"1\",\n\t\t\t\"pesoLiquidoTotal\":&nbsp\"49\",\n\t\t\t\"unidadeComercializada\":&nbsp\"UN\",\n\t\t\t\"valorDaMercadoriaNaCondicaoDeVenda\":&nbsp\"3000\",\n\t\t\t\"valorDaMercadoriaNoLocalDeEmbarque\":nbsp\"2000.1\",\n\t\t\t\"valorDaMercadoriaNoLocalDeEmbarqueEmReais\":&nbsp\"7143.55716\",\n\t\t\t\"dataDeConversao\":&nbsp\"2018-05-01T05:57:00.000+0000\",\n\t\t\t\"importador\":&nbsp{\n\t\t\t\t\"nome\":&nbsp\"NF-E EMITIDA EM AMBIENTE DE HOMOLOGACAO - SEM VALOR FISCAL\",\n\t\t\t\t\"endereco\":&nbsp\"RUA ELISA SILVERIO - 45 - CENTRO - EXTERIOR - 86800270 - RUSSIA\",\n\t\t\t\t\"pais\":&nbsp{\n\t\t\t\t\t\"codigo\":&nbsp\"676\",\n\t\t\t\t\t\"nome\":&nbsp\"RUSSIA, FEDERACAO DA\"\n\t\t\t\t}\n\t\t\t}\n\t\t}\n\t],\n\t\"eventosDoHistorico\":&nbsp[\n\t\t{\n\t\t\t\"dataEHoraDoEvento\":&nbsp\"2018-04-27T11:17:58.689+0000\",\n\t\t\t\"evento\":&nbsp\"Registro\",\n\t\t\t\"responsavel\":&nbsp\"69211221749\",\n\t\t\t\"informacoesAdicionais\":&nbsp\"null\"\n\t\t},\n\t\t{\n\t\t\t\"dataEHoraDoEvento\":&nbsp\"2018-05-02T07:07:47.023+0000\",\n\t\t\t\"evento\":&nbsp\"ACD em processamento\",\n\t\t\t\"responsavel\":&nbsp\"Autom'atico\",\n\t\t\t\"informacoesAdicionais\":&nbsp\"null\"\n\t\t},\n\t\t{\n\t\t\t\"dataEHoraDoEvento\":&nbsp\"2018-05-02T07:07:47.642+0000\",\n\t\t\t\"evento\":&nbsp\"Apresentação para despacho\",\n\t\t\t\"responsavel\":&nbsp\"Automático\",\n\t\t\t\"informacoesAdicionais\":&nbsp\"null\"\n\t\t}\n\t]\n}"
        },
        {
          "codigo": "400",
          "mensagem": "BAD REQUEST",
          "exemplo": "[\n\t{\n\t\t\"property\":\"numero\",\n\t\t\"message\":\"Número da DUE inválido\"\n\t},\n\t{\n\t\t\"property\":\"chaveAcesso\",\n\t\t\"message\":\"Chave de Acesso inválida\"\n\t}\n\n]"
        },
        {
          "codigo": "404",
          "mensagem": "NOT FOUND",
          "exemplo": "{}"
        },
        {
          "codigo": "500",
          "mensagem": "SERVER INTERNAL ERROR",
          "exemplo": "{\n\t\"error\":&nbsp\"no reponse from server\"\n}"
        }
      ]
    }
  ]
}
