{
  "nome": "API Consulta NF-e",
  "subtitulo": "Ao integrar sua aplicação a API Consulta NF-e, você dispõe de informações estratégicas obtidas diretamente das bases do SPED - Sistema Público de Escrituração Digital, instituído através do Decreto 6.022/2007.",
  "descricao": "A API NF-e fornece consulta aos dados da NF-e de forma direta e atualizada. Garantido aos usuários a integridade dessas informações em um ambiente confiável e seguro. Você poderá basear sua tomada de decisão com informações seguras e atualizadas, monitorar os eventos da NF-e, prospectar clientes e fechar novos negócios, minimizando os riscos de negócios e de fraudes.",
  "linkInfoNegocio": "https://github.com/devserpro/apis/raw/master/portal-desenvolvedor/apis/documentos/Informacoes-NFe.pdf",
  "informacoes": {
    "idProducao": " nfe",
    "idDegustacao": " nfe-trial",
    "formatos": [
      " JSON"
    ]
  },
    "operacoes": [
    {
      "path": "/1/{chave}",
      "id": "op1",
      "descricao": "Consulta dados da Nota Fisca Eletrônica pelo Número da Chave da NFe",
      "metodo": "GET",
      "entrada": [
        {
          "campo": "chave",
          "descricao": "Chave da Nota Fiscal Eletrônica",
          "tipo": "string"
        }
      ],
      "saida": [
        {
          "campo": "nfeProc",
          "descricao": " ",
          "tipo": "object"
        },
        {
          "campo": "NFe",
          "descricao": " ",
          "tipo": "object"
        },
        {
          "campo": "det",
          "descricao": " ",
          "tipo": "object"
        },
        {
          "campo": "prod",
          "descricao": " ",
          "tipo": "object"
        },
        {
          "campo": "imposto",
          "descricao": " ",
          "tipo": "object"
        },
        {
          "campo": "ICMS",
          "descricao": " ",
          "tipo": "object"
        },
        
        {
          "campo": "COFINS",
          "descricao": " ",
          "tipo": "object"
        },
        {
          "campo": "PIS",
          "descricao": " ",
          "tipo": "object"
        },
        {
          "campo": "total",
          "descricao": " ",
          "tipo": "object"
        },
        {
          "campo": "cobr",
          "descricao": " ",
          "tipo": "object"
        },
        {
          "campo": "dup",
          "descricao": " ",
          "tipo": "object"
        },
        {
          "campo": "ide",
          "descricao": " ",
          "tipo": "object"
        },
        {
          "campo": "emit",
          "descricao": " ",
          "tipo": "object"
        },
        {
          "campo": "dest",
          "descricao": " ",
          "tipo": "object"
        },
        {
          "campo": "transp",
          "descricao": " ",
          "tipo": "object"
        }
      ],
      "teste":  [
        {
          "ni": "chave: &nbsp 35170608530528000184550000000154301000771561",
          "situacao": "string com 44 posições"
        },
        {
          "ni": "chave: &nbsp 35161147508411011603551000077959551093041003",
          "situacao": "string com 44 posições"          
        },
        {
          "ni": "chave: &nbsp 53131205035672000156550010000004991543410167",
          "situacao": "string com 44 posições"
        },
        {
          "ni": "chave: &nbsp 42140612687276000179550010001505671172228752",
          "situacao": "string com 44 posições"
        },
        {
          "ni": "chave: &nbsp 35140903608306000202555000001100251571436929",
          "situacao": "string com 44 posições"
        },
        {
          "ni": "chave: &nbsp 53150337992500000167550010000029521000029516",
          "situacao": "string com 44 posições"
        },
        {
          "ni": "chave: &nbsp 31150917591579000107550010000014321081035918",
          "situacao": "string com 44 posições"
        },
        {
          "ni": "chave: &nbsp 35151200991908000104550020000063951000184833",
          "situacao": "string com 44 posições"
        },
        {
          "ni": "chave: &nbsp 31160906347409006953550110008369841081956475",
          "situacao": "string com 44 posições"
        },
        {
          "ni": "chave: &nbsp 31170309339936000973550250002397736362483965",
          "situacao": "string com 44 posições"
        },
        {
          "ni": "chave: &nbsp 53160911510448000171550010000106771000187760",
          "situacao": "string com 44 posições"
        },
        {
          "ni": "chave: &nbsp 52160819015622000111550010000007051300828370",
          "situacao": "string com 44 posições"
        },
        {
          "ni": "chave: &nbsp 53160621182711000102550010000012921000042921",
          "situacao": "string com 44 posições"
        },
        {
          "ni": "chave: &nbsp 52160609303953000101550010000008711000045330",
          "situacao": "string com 44 posições"
        },
        {
          "ni": "chave: &nbsp 53151205642646000196550010000287891000219878",
          "situacao": "string com 44 posições"
        },
        {
          "ni": "chave: &nbsp 53160713453539000148550010000009101000070190",
          "situacao": "string com 44 posições"
        },
        {
          "ni": "chave: &nbsp 52151013766790000162550010000028401250000010",
          "situacao": "string com 44 posições"
        },
        {
          "ni": "chave: &nbsp 53160705642646000196550010000298141000284189",
          "situacao": "string com 44 posições"
        },
        {
          "ni": "chave: &nbsp 52160400945852000151550010000041771020601080",
          "situacao": "string com 44 posições"
        }
      ],
      "exemplos": [
        {
          "linguagem": "CURL",
          "exemplo": "curl -X GET -H \"Accept: application/json\" -H \"Authorization: Bearer [token de acesso]\"\n\"https://apigateway.serpro.gov.br/nfe-trial/1/35170608530528000184550000000154301000771561\""
        },
        {
          "linguagem": "VBA",
          "exemplo": "Dim objHTTP As New WinHttpRequest\nDim strURL As String\nDim response As String\n\n\nstrURL = \"https://apigateway.serpro.gov.br/nfe-trial/1/35170608530528000184550000000154301000771561\"\n\nobjHTTP.Open \"GET\", strURL, False\nobjHTTP.SetRequestHeader \"Authorization\", \"Bearer [token de acesso]\"\nobjHTTP.SetRequestHeader \"Accept\", \"application/json\"\nobjHTTP.Send\n\nresponse = objHTTP.ResponseText\n\nMsgBox response"
        },
        {
          "linguagem": "Node.js",
          "exemplo": "var request = require(\"request\");\n\nvar options = {\n  method: 'GET',\n  url: 'https://apigateway.serpro.gov.br/nfe-trial/1/35170608530528000184550000000154301000771561',\n  headers: { authorization: 'Bearer [token de acesso]' },\n  body: {},\n  json: true };\n\nrequest(options, function (error, response, body) {\n  if (error) throw new Error(error);\n\n  console.log(body);\n});"
        }
      ],
      "respostas": [
        {
          "codigo": "200",
          "mensagem": "OK",
          "exemplo": "{\n&nbsp;&nbsp;\"nfeProc\":&nbsp;{\n&nbsp;&nbsp;&nbsp;&nbsp;\"protNFe\":&nbsp;{\n&nbsp;&nbsp;&nbsp;&nbsp;&nbsp;&nbsp;\"infProt\":&nbsp;{\n&nbsp;&nbsp;&nbsp;&nbsp;&nbsp;&nbsp;&nbsp;&nbsp;\"chNFe\":&nbsp\"35170608530528000184550000000154301000771561\"\n&nbsp;&nbsp;&nbsp;&nbsp;&nbsp;&nbsp;}\n&nbsp;&nbsp;&nbsp;&nbsp;},\n&nbsp;&nbsp;&nbsp;&nbsp;\"NFe\":&nbsp;{\n&nbsp;&nbsp;&nbsp;&nbsp;&nbsp;&nbsp;\"infNFe\":&nbsp;{\n&nbsp;&nbsp;&nbsp;&nbsp;&nbsp;&nbsp;&nbsp;&nbsp;\"infAdic\":&nbsp;{\n&nbsp;&nbsp;&nbsp;&nbsp;&nbsp;&nbsp;&nbsp;&nbsp;&nbsp;&nbsp;\"infCpl\":&nbsp\"N/PED.: 051542;VL. APRX. TRIB.(FONTE IBPT): ****254.19  **34.12 %\"\n&nbsp;&nbsp;&nbsp;&nbsp;&nbsp;&nbsp;&nbsp;&nbsp;},\n&nbsp;&nbsp;&nbsp;&nbsp;&nbsp;&nbsp;&nbsp;&nbsp;\"det\":&nbsp;&nbsp;{\n&nbsp;&nbsp;&nbsp;&nbsp;&nbsp;&nbsp;&nbsp;&nbsp;&nbsp;&nbsp;\"nItem\":&nbsp;&nbsp;\"1\",\n&nbsp;&nbsp;&nbsp;&nbsp;&nbsp;&nbsp;&nbsp;&nbsp;&nbsp;&nbsp;\"prod\":&nbsp;&nbsp;{\n&nbsp;&nbsp;&nbsp;&nbsp;&nbsp;&nbsp;&nbsp;&nbsp;&nbsp;&nbsp;&nbsp;&nbsp;\"cEAN\":&nbsp;&nbsp;\"\",\n&nbsp;&nbsp;&nbsp;&nbsp;&nbsp;&nbsp;&nbsp;&nbsp;&nbsp;&nbsp;&nbsp;&nbsp;\"cProd\":&nbsp;&nbsp;\"346\",\n&nbsp;&nbsp;&nbsp;&nbsp;&nbsp;&nbsp;&nbsp;&nbsp;&nbsp;&nbsp;&nbsp;&nbsp;\"qCom\":&nbsp;&nbsp;\"5\",\n&nbsp;&nbsp;&nbsp;&nbsp;&nbsp;&nbsp;&nbsp;&nbsp;&nbsp;&nbsp;&nbsp;&nbsp;\"cEANTrib\":&nbsp;&nbsp;\"\",\n&nbsp;&nbsp;&nbsp;&nbsp;&nbsp;&nbsp;&nbsp;&nbsp;&nbsp;&nbsp;&nbsp;&nbsp;\"vUnTrib\":&nbsp;&nbsp;\"149\",\n&nbsp;&nbsp;&nbsp;&nbsp;&nbsp;&nbsp;&nbsp;&nbsp;&nbsp;&nbsp;&nbsp;&nbsp;\"qTrib\":&nbsp;&nbsp;\"5\",\n&nbsp;&nbsp;&nbsp;&nbsp;&nbsp;&nbsp;&nbsp;&nbsp;&nbsp;&nbsp;&nbsp;&nbsp;\"vProd\":&nbsp;&nbsp;\"745\",\n&nbsp;&nbsp;&nbsp;&nbsp;&nbsp;&nbsp;&nbsp;&nbsp;&nbsp;&nbsp;&nbsp;&nbsp;\"xProd\":&nbsp;&nbsp;\"SULFITE A4 75GR BOREAL (5000FLS)\",\n&nbsp;&nbsp;&nbsp;&nbsp;&nbsp;&nbsp;&nbsp;&nbsp;&nbsp;&nbsp;&nbsp;&nbsp;\"vUnCom\":&nbsp;&nbsp;\"149\",\n&nbsp;&nbsp;&nbsp;&nbsp;&nbsp;&nbsp;&nbsp;&nbsp;&nbsp;&nbsp;&nbsp;&nbsp;\"indTot\":&nbsp;&nbsp;\"1\",\n&nbsp;&nbsp;&nbsp;&nbsp;&nbsp;&nbsp;&nbsp;&nbsp;&nbsp;&nbsp;&nbsp;&nbsp;\"uTrib\":&nbsp;&nbsp;\"RS\",\n&nbsp;&nbsp;&nbsp;&nbsp;&nbsp;&nbsp;&nbsp;&nbsp;&nbsp;&nbsp;&nbsp;&nbsp;\"NCM\":&nbsp;&nbsp;\"48025610\",\n&nbsp;&nbsp;&nbsp;&nbsp;&nbsp;&nbsp;&nbsp;&nbsp;&nbsp;&nbsp;&nbsp;&nbsp;\"Ucom\":&nbsp;&nbsp;\"RS\",\n&nbsp;&nbsp;&nbsp;&nbsp;&nbsp;&nbsp;&nbsp;&nbsp;&nbsp;&nbsp;&nbsp;&nbsp;\"CFOP\":&nbsp;&nbsp;\"5102\",\n&nbsp;&nbsp;&nbsp;&nbsp;&nbsp;&nbsp;&nbsp;&nbsp;&nbsp;&nbsp;&nbsp;&nbsp;\"CEST\":&nbsp;&nbsp;\"9999999\"\n&nbsp;&nbsp;&nbsp;&nbsp;&nbsp;&nbsp;&nbsp;&nbsp;&nbsp;&nbsp;},\n&nbsp;&nbsp;&nbsp;&nbsp;&nbsp;&nbsp;&nbsp;&nbsp;&nbsp;&nbsp;\"imposto\"&nbsp;&nbsp;{\n&nbsp;&nbsp;&nbsp;&nbsp;&nbsp;&nbsp;&nbsp;&nbsp;&nbsp;&nbsp;&nbsp;&nbsp;\"vTotTrib\":&nbsp;&nbsp;\"254.19\",\n&nbsp;&nbsp;&nbsp;&nbsp;&nbsp;&nbsp;&nbsp;&nbsp;&nbsp;&nbsp;&nbsp;&nbsp;\"ICMS\":&nbsp;&nbsp;{\n&nbsp;&nbsp;&nbsp;&nbsp;&nbsp;&nbsp;&nbsp;&nbsp;&nbsp;&nbsp;&nbsp;&nbsp;&nbsp;&nbsp;\"ICMS00\":&nbsp;&nbsp;{\n&nbsp;&nbsp;&nbsp;&nbsp;&nbsp;&nbsp;&nbsp;&nbsp;&nbsp;&nbsp;&nbsp;&nbsp;&nbsp;&nbsp;&nbsp;&nbsp;\"modBC\":&nbsp;&nbsp;\"0\",\n&nbsp;&nbsp;&nbsp;&nbsp;&nbsp;&nbsp;&nbsp;&nbsp;&nbsp;&nbsp;&nbsp;&nbsp;&nbsp;&nbsp;&nbsp;&nbsp;\"orig\":&nbsp;&nbsp;\"0\",\n&nbsp;&nbsp;&nbsp;&nbsp;&nbsp;&nbsp;&nbsp;&nbsp;&nbsp;&nbsp;&nbsp;&nbsp;&nbsp;&nbsp;&nbsp;&nbsp;\"CST\":&nbsp;&nbsp;\"00\",\n&nbsp;&nbsp;&nbsp;&nbsp;&nbsp;&nbsp;&nbsp;&nbsp;&nbsp;&nbsp;&nbsp;&nbsp;&nbsp;&nbsp;&nbsp;&nbsp;\"vBC\":&nbsp;&nbsp;\"745\",\n&nbsp;&nbsp;&nbsp;&nbsp;&nbsp;&nbsp;&nbsp;&nbsp;&nbsp;&nbsp;&nbsp;&nbsp;&nbsp;&nbsp;&nbsp;&nbsp;\"vICMS\":&nbsp;&nbsp;\"134.1\",\n&nbsp;&nbsp;&nbsp;&nbsp;&nbsp;&nbsp;&nbsp;&nbsp;&nbsp;&nbsp;&nbsp;&nbsp;&nbsp;&nbsp;&nbsp;&nbsp;\"pICMS\":&nbsp;&nbsp;\"18\"\n&nbsp;&nbsp;&nbsp;&nbsp;&nbsp;&nbsp;&nbsp;&nbsp;&nbsp;&nbsp;&nbsp;&nbsp;&nbsp;&nbsp;}\n&nbsp;&nbsp;&nbsp;&nbsp;&nbsp;&nbsp;&nbsp;&nbsp;&nbsp;&nbsp;&nbsp;&nbsp;},\n&nbsp;&nbsp;&nbsp;&nbsp;&nbsp;&nbsp;&nbsp;&nbsp;&nbsp;&nbsp;&nbsp;&nbsp;\"COFINS\":&nbsp;&nbsp;{\n&nbsp;&nbsp;&nbsp;&nbsp;&nbsp;&nbsp;&nbsp;&nbsp;&nbsp;&nbsp;&nbsp;&nbsp;&nbsp;&nbsp;\"COFINSAliq\":&nbsp;&nbsp;{\n&nbsp;&nbsp;&nbsp;&nbsp;&nbsp;&nbsp;&nbsp;&nbsp;&nbsp;&nbsp;&nbsp;&nbsp;&nbsp;&nbsp;&nbsp;&nbsp;\"vCOFINS\":&nbsp;&nbsp;\"22.35\",\n&nbsp;&nbsp;&nbsp;&nbsp;&nbsp;&nbsp;&nbsp;&nbsp;&nbsp;&nbsp;&nbsp;&nbsp;&nbsp;&nbsp;&nbsp;&nbsp;\"CST\":&nbsp;&nbsp;\"01\",\n&nbsp;&nbsp;&nbsp;&nbsp;&nbsp;&nbsp;&nbsp;&nbsp;&nbsp;&nbsp;&nbsp;&nbsp;&nbsp;&nbsp;&nbsp;&nbsp;\"vBC\":&nbsp;&nbsp;\"745\",\n&nbsp;&nbsp;&nbsp;&nbsp;&nbsp;&nbsp;&nbsp;&nbsp;&nbsp;&nbsp;&nbsp;&nbsp;&nbsp;&nbsp;&nbsp;&nbsp;\"pCOFINS\":&nbsp;&nbsp;\"3\"\n&nbsp;&nbsp;&nbsp;&nbsp;&nbsp;&nbsp;&nbsp;&nbsp;&nbsp;&nbsp;&nbsp;&nbsp;&nbsp;&nbsp;}\n&nbsp;&nbsp;&nbsp;&nbsp;&nbsp;&nbsp;&nbsp;&nbsp;&nbsp;&nbsp;&nbsp;&nbsp;},\n&nbsp;&nbsp;&nbsp;&nbsp;&nbsp;&nbsp;&nbsp;&nbsp;&nbsp;&nbsp;&nbsp;&nbsp;\"PIS\":&nbsp;&nbsp;{\n&nbsp;&nbsp;&nbsp;&nbsp;&nbsp;&nbsp;&nbsp;&nbsp;&nbsp;&nbsp;&nbsp;&nbsp;&nbsp;&nbsp;\"PISAliq\":&nbsp;&nbsp;{\n&nbsp;&nbsp;&nbsp;&nbsp;&nbsp;&nbsp;&nbsp;&nbsp;&nbsp;&nbsp;&nbsp;&nbsp;&nbsp;&nbsp;&nbsp;&nbsp;\"vPIS\":&nbsp;&nbsp;\"22.35\",\n&nbsp;&nbsp;&nbsp;&nbsp;&nbsp;&nbsp;&nbsp;&nbsp;&nbsp;&nbsp;&nbsp;&nbsp;&nbsp;&nbsp;&nbsp;&nbsp;\"CST\":&nbsp;&nbsp;\"01\",\n&nbsp;&nbsp;&nbsp;&nbsp;&nbsp;&nbsp;&nbsp;&nbsp;&nbsp;&nbsp;&nbsp;&nbsp;&nbsp;&nbsp;&nbsp;&nbsp;\"vBC\":&nbsp;&nbsp;\"745\",\n&nbsp;&nbsp;&nbsp;&nbsp;&nbsp;&nbsp;&nbsp;&nbsp;&nbsp;&nbsp;&nbsp;&nbsp;&nbsp;&nbsp;&nbsp;&nbsp;\"pPIS\":&nbsp;&nbsp;\"0.65\"\n&nbsp;&nbsp;&nbsp;&nbsp;&nbsp;&nbsp;&nbsp;&nbsp;&nbsp;&nbsp;&nbsp;&nbsp;}\n&nbsp;&nbsp;&nbsp;&nbsp;&nbsp;&nbsp;&nbsp;&nbsp;&nbsp;&nbsp;}\n&nbsp;&nbsp;&nbsp;&nbsp;&nbsp;&nbsp;&nbsp;&nbsp;},\n&nbsp;&nbsp;&nbsp;&nbsp;&nbsp;&nbsp;&nbsp;&nbsp;\"total\":&nbsp;&nbsp;{\n&nbsp;&nbsp;&nbsp;&nbsp;&nbsp;&nbsp;&nbsp;&nbsp;&nbsp;&nbsp;\"ICMSTot\":&nbsp;&nbsp;{\n&nbsp;&nbsp;&nbsp;&nbsp;&nbsp;&nbsp;&nbsp;&nbsp;&nbsp;&nbsp;&nbsp;&nbsp;\"vCOFINS\":&nbsp;&nbsp;\"22.35\",\n&nbsp;&nbsp;&nbsp;&nbsp;&nbsp;&nbsp;&nbsp;&nbsp;&nbsp;&nbsp;&nbsp;&nbsp;\"vBCST\":&nbsp;&nbsp;\"0\",\n&nbsp;&nbsp;&nbsp;&nbsp;&nbsp;&nbsp;&nbsp;&nbsp;&nbsp;&nbsp;&nbsp;&nbsp;\"vICMSDeson\":&nbsp;&nbsp;\"O\",\n&nbsp;&nbsp;&nbsp;&nbsp;&nbsp;&nbsp;&nbsp;&nbsp;&nbsp;&nbsp;&nbsp;&nbsp;\"vProd\":&nbsp;&nbsp;\"745\",\n&nbsp;&nbsp;&nbsp;&nbsp;&nbsp;&nbsp;&nbsp;&nbsp;&nbsp;&nbsp;&nbsp;&nbsp;\"vSeg\":&nbsp;&nbsp;\"0\",\n&nbsp;&nbsp;&nbsp;&nbsp;&nbsp;&nbsp;&nbsp;&nbsp;&nbsp;&nbsp;&nbsp;&nbsp;\"vNF\":&nbsp;&nbsp;\"745\",\n&nbsp;&nbsp;&nbsp;&nbsp;&nbsp;&nbsp;&nbsp;&nbsp;&nbsp;&nbsp;&nbsp;&nbsp;\"vTotTrib\":&nbsp;&nbsp;\"254.19\",\n&nbsp;&nbsp;&nbsp;&nbsp;&nbsp;&nbsp;&nbsp;&nbsp;&nbsp;&nbsp;&nbsp;&nbsp;\"vPis\":&nbsp;&nbsp;\"4.84\",\n&nbsp;&nbsp;&nbsp;&nbsp;&nbsp;&nbsp;&nbsp;&nbsp;&nbsp;&nbsp;&nbsp;&nbsp;\"vBC\":&nbsp;&nbsp;\"745\",\n&nbsp;&nbsp;&nbsp;&nbsp;&nbsp;&nbsp;&nbsp;&nbsp;&nbsp;&nbsp;&nbsp;&nbsp;\"vST\":&nbsp;&nbsp;\"0\",\n&nbsp;&nbsp;&nbsp;&nbsp;&nbsp;&nbsp;&nbsp;&nbsp;&nbsp;&nbsp;&nbsp;&nbsp;\"vICMS\":&nbsp;&nbsp;\"134.1\",\n&nbsp;&nbsp;&nbsp;&nbsp;&nbsp;&nbsp;&nbsp;&nbsp;&nbsp;&nbsp;&nbsp;&nbsp;\"vII\":&nbsp;&nbsp;\"0\",\n&nbsp;&nbsp;&nbsp;&nbsp;&nbsp;&nbsp;&nbsp;&nbsp;&nbsp;&nbsp;&nbsp;&nbsp;\"vDesc\":&nbsp;&nbsp;\"0\",\n&nbsp;&nbsp;&nbsp;&nbsp;&nbsp;&nbsp;&nbsp;&nbsp;&nbsp;&nbsp;&nbsp;&nbsp;\"vOutro\":&nbsp;&nbsp;\"0\",\n&nbsp;&nbsp;&nbsp;&nbsp;&nbsp;&nbsp;&nbsp;&nbsp;&nbsp;&nbsp;&nbsp;&nbsp;\"vIPI\":&nbsp;&nbsp;\"0\",\n&nbsp;&nbsp;&nbsp;&nbsp;&nbsp;&nbsp;&nbsp;&nbsp;&nbsp;&nbsp;&nbsp;&nbsp;\"vFrete\":&nbsp;&nbsp;\"0\"\n&nbsp;&nbsp;&nbsp;&nbsp;&nbsp;&nbsp;&nbsp;&nbsp;&nbsp;&nbsp;}\n&nbsp;&nbsp;&nbsp;&nbsp;&nbsp;&nbsp;&nbsp;&nbsp;},\n&nbsp;&nbsp;&nbsp;&nbsp;&nbsp;&nbsp;&nbsp;&nbsp;\"cobr\":&nbsp;&nbsp;{\n&nbsp;&nbsp;&nbsp;&nbsp;&nbsp;&nbsp;&nbsp;&nbsp;&nbsp;&nbsp;\"dup\":&nbsp;&nbsp;[\n&nbsp;&nbsp;&nbsp;&nbsp;&nbsp;&nbsp;&nbsp;&nbsp;&nbsp;&nbsp;&nbsp;&nbsp;{\n&nbsp;&nbsp;&nbsp;&nbsp;&nbsp;&nbsp;&nbsp;&nbsp;&nbsp;&nbsp;&nbsp;&nbsp;&nbsp;&nbsp;\"dVenc\":&nbsp;&nbsp;\"2017-07-05\",\n&nbsp;&nbsp;&nbsp;&nbsp;&nbsp;&nbsp;&nbsp;&nbsp;&nbsp;&nbsp;&nbsp;&nbsp;&nbsp;&nbsp;\"nDup\":&nbsp;&nbsp;\"015430/A\",\n&nbsp;&nbsp;&nbsp;&nbsp;&nbsp;&nbsp;&nbsp;&nbsp;&nbsp;&nbsp;&nbsp;&nbsp;&nbsp;&nbsp;\"vDup\":&nbsp;&nbsp;\"372.5\"\n&nbsp;&nbsp;&nbsp;&nbsp;&nbsp;&nbsp;&nbsp;&nbsp;&nbsp;&nbsp;&nbsp;&nbsp;},\n&nbsp;&nbsp;&nbsp;&nbsp;&nbsp;&nbsp;&nbsp;&nbsp;&nbsp;&nbsp;&nbsp;&nbsp;{\n&nbsp;&nbsp;&nbsp;&nbsp;&nbsp;&nbsp;&nbsp;&nbsp;&nbsp;&nbsp;&nbsp;&nbsp;&nbsp;&nbsp;\"dVenc\":&nbsp;&nbsp;\"2017-07-20\",\n&nbsp;&nbsp;&nbsp;&nbsp;&nbsp;&nbsp;&nbsp;&nbsp;&nbsp;&nbsp;&nbsp;&nbsp;&nbsp;&nbsp;\"nDup\":&nbsp;&nbsp;\"015430/B\",\n&nbsp;&nbsp;&nbsp;&nbsp;&nbsp;&nbsp;&nbsp;&nbsp;&nbsp;&nbsp;&nbsp;&nbsp;&nbsp;&nbsp;\"vDup\":&nbsp;&nbsp;\"372.5\"\n&nbsp;&nbsp;&nbsp;&nbsp;&nbsp;&nbsp;&nbsp;&nbsp;&nbsp;&nbsp;&nbsp;&nbsp;}\n&nbsp;&nbsp;&nbsp;&nbsp;&nbsp;&nbsp;&nbsp;&nbsp;&nbsp;&nbsp;]\n&nbsp;&nbsp;&nbsp;&nbsp;&nbsp;&nbsp;&nbsp;&nbsp;},\n&nbsp;&nbsp;&nbsp;&nbsp;&nbsp;&nbsp;&nbsp;&nbsp;\"id\":&nbsp;&nbsp;\"NFe35170608530528000184550000000154301000771561\",\n&nbsp;&nbsp;&nbsp;&nbsp;&nbsp;&nbsp;&nbsp;&nbsp;\"ide\":&nbsp;&nbsp;{\n&nbsp;&nbsp;&nbsp;&nbsp;&nbsp;&nbsp;&nbsp;&nbsp;&nbsp;&nbsp;\"tpNF\":&nbsp;&nbsp;\"1\",\n&nbsp;&nbsp;&nbsp;&nbsp;&nbsp;&nbsp;&nbsp;&nbsp;&nbsp;&nbsp;\"mod\":&nbsp;&nbsp;\"55\",\n&nbsp;&nbsp;&nbsp;&nbsp;&nbsp;&nbsp;&nbsp;&nbsp;&nbsp;&nbsp;\"indPres\":&nbsp;&nbsp;\"0\",\n&nbsp;&nbsp;&nbsp;&nbsp;&nbsp;&nbsp;&nbsp;&nbsp;&nbsp;&nbsp;\"tpImp\":&nbsp;&nbsp;\"1\",\n&nbsp;&nbsp;&nbsp;&nbsp;&nbsp;&nbsp;&nbsp;&nbsp;&nbsp;&nbsp;\"nNF\":&nbsp;&nbsp;\"15430\",\n&nbsp;&nbsp;&nbsp;&nbsp;&nbsp;&nbsp;&nbsp;&nbsp;&nbsp;&nbsp;\"cMunFG\":&nbsp;&nbsp;\"3550308\",\n&nbsp;&nbsp;&nbsp;&nbsp;&nbsp;&nbsp;&nbsp;&nbsp;&nbsp;&nbsp;\"procEmi\":&nbsp;&nbsp;\"0\",\n&nbsp;&nbsp;&nbsp;&nbsp;&nbsp;&nbsp;&nbsp;&nbsp;&nbsp;&nbsp;\"finNFe\":&nbsp;&nbsp;\"1\",\n&nbsp;&nbsp;&nbsp;&nbsp;&nbsp;&nbsp;&nbsp;&nbsp;&nbsp;&nbsp;\"dhEmi\":&nbsp;&nbsp;\"2017-06-05T08:31:06-03:00\",\n&nbsp;&nbsp;&nbsp;&nbsp;&nbsp;&nbsp;&nbsp;&nbsp;&nbsp;&nbsp;\"tpAmb\":&nbsp;&nbsp;\"1\",\n&nbsp;&nbsp;&nbsp;&nbsp;&nbsp;&nbsp;&nbsp;&nbsp;&nbsp;&nbsp;\"indFinal\":&nbsp;&nbsp;\"1\",\n&nbsp;&nbsp;&nbsp;&nbsp;&nbsp;&nbsp;&nbsp;&nbsp;&nbsp;&nbsp;\"idDest\":&nbsp;&nbsp;\"1\",\n&nbsp;&nbsp;&nbsp;&nbsp;&nbsp;&nbsp;&nbsp;&nbsp;&nbsp;&nbsp;\"tpEmis\":&nbsp;&nbsp;\"1\",\n&nbsp;&nbsp;&nbsp;&nbsp;&nbsp;&nbsp;&nbsp;&nbsp;&nbsp;&nbsp;\"cDV\":&nbsp;&nbsp;\"9\",\n&nbsp;&nbsp;&nbsp;&nbsp;&nbsp;&nbsp;&nbsp;&nbsp;&nbsp;&nbsp;\"cUF\":&nbsp;&nbsp;\"35\",\n&nbsp;&nbsp;&nbsp;&nbsp;&nbsp;&nbsp;&nbsp;&nbsp;&nbsp;&nbsp;\"serie\":&nbsp;&nbsp;\"0\",\n&nbsp;&nbsp;&nbsp;&nbsp;&nbsp;&nbsp;&nbsp;&nbsp;&nbsp;&nbsp;\"natOp\":&nbsp;&nbsp;\"VENDA\",\n&nbsp;&nbsp;&nbsp;&nbsp;&nbsp;&nbsp;&nbsp;&nbsp;&nbsp;&nbsp;\"cNF\":&nbsp;&nbsp;\"00077156\",\n&nbsp;&nbsp;&nbsp;&nbsp;&nbsp;&nbsp;&nbsp;&nbsp;&nbsp;&nbsp;\"verProc\":&nbsp;&nbsp;\"3.10.31\",\n&nbsp;&nbsp;&nbsp;&nbsp;&nbsp;&nbsp;&nbsp;&nbsp;&nbsp;&nbsp;\"indPag\":&nbsp;&nbsp;\"1\"\n&nbsp;&nbsp;&nbsp;&nbsp;&nbsp;&nbsp;&nbsp;&nbsp;},\n&nbsp;&nbsp;&nbsp;&nbsp;&nbsp;&nbsp;&nbsp;&nbsp;\"emit\":&nbsp;&nbsp;{\n&nbsp;&nbsp;&nbsp;&nbsp;&nbsp;&nbsp;&nbsp;&nbsp;&nbsp;&nbsp;\"xNome\":&nbsp;&nbsp;\"COMERCIO DE TESTE LTDA EPP\",\n&nbsp;&nbsp;&nbsp;&nbsp;&nbsp;&nbsp;&nbsp;&nbsp;&nbsp;&nbsp;\"CRT\":&nbsp;&nbsp;\"3\",\n&nbsp;&nbsp;&nbsp;&nbsp;&nbsp;&nbsp;&nbsp;&nbsp;&nbsp;&nbsp;\"xFant\":&nbsp;&nbsp;\"comerciodeteste@comerciodeteste.com.br\",\n&nbsp;&nbsp;&nbsp;&nbsp;&nbsp;&nbsp;&nbsp;&nbsp;&nbsp;&nbsp;\"CNPJ\":&nbsp;&nbsp;\"56776378000136\",\n&nbsp;&nbsp;&nbsp;&nbsp;&nbsp;&nbsp;&nbsp;&nbsp;&nbsp;&nbsp;\"enderEmit\":&nbsp;&nbsp;{\n&nbsp;&nbsp;&nbsp;&nbsp;&nbsp;&nbsp;&nbsp;&nbsp;&nbsp;&nbsp;&nbsp;&nbsp;\"fone\":&nbsp;&nbsp;\"995551234\",\n&nbsp;&nbsp;&nbsp;&nbsp;&nbsp;&nbsp;&nbsp;&nbsp;&nbsp;&nbsp;&nbsp;&nbsp;\"UF\":&nbsp;&nbsp;\"SP\",\n&nbsp;&nbsp;&nbsp;&nbsp;&nbsp;&nbsp;&nbsp;&nbsp;&nbsp;&nbsp;&nbsp;&nbsp;\"xPais\":&nbsp;&nbsp;\"BRASIL\",\n&nbsp;&nbsp;&nbsp;&nbsp;&nbsp;&nbsp;&nbsp;&nbsp;&nbsp;&nbsp;&nbsp;&nbsp;\"cPais\":&nbsp;&nbsp;\"1058\",\n&nbsp;&nbsp;&nbsp;&nbsp;&nbsp;&nbsp;&nbsp;&nbsp;&nbsp;&nbsp;&nbsp;&nbsp;\"xLgr\":&nbsp;&nbsp;\"AV FICTICIA\",\n&nbsp;&nbsp;&nbsp;&nbsp;&nbsp;&nbsp;&nbsp;&nbsp;&nbsp;&nbsp;&nbsp;&nbsp;\"xMun\":&nbsp;&nbsp;\"SAO PAULO\",\n&nbsp;&nbsp;&nbsp;&nbsp;&nbsp;&nbsp;&nbsp;&nbsp;&nbsp;&nbsp;&nbsp;&nbsp;\"nro\":&nbsp;&nbsp;\"80\",\n&nbsp;&nbsp;&nbsp;&nbsp;&nbsp;&nbsp;&nbsp;&nbsp;&nbsp;&nbsp;&nbsp;&nbsp;\"cMun\":&nbsp;&nbsp;\"3500308\",\n&nbsp;&nbsp;&nbsp;&nbsp;&nbsp;&nbsp;&nbsp;&nbsp;&nbsp;&nbsp;&nbsp;&nbsp;\"xBairro\":&nbsp;&nbsp;\"VILA FICTICIA\",\n&nbsp;&nbsp;&nbsp;&nbsp;&nbsp;&nbsp;&nbsp;&nbsp;&nbsp;&nbsp;&nbsp;&nbsp;\"CEP\":&nbsp;&nbsp;\"00012345\",\n&nbsp;&nbsp;&nbsp;&nbsp;&nbsp;&nbsp;&nbsp;&nbsp;\"dest\":&nbsp;&nbsp;{\n&nbsp;&nbsp;&nbsp;&nbsp;&nbsp;&nbsp;&nbsp;&nbsp;&nbsp;&nbsp;\"xNome\":&nbsp;&nbsp;\"MARIA FICTICIO DOS SANTOS\",\n&nbsp;&nbsp;&nbsp;&nbsp;&nbsp;&nbsp;&nbsp;&nbsp;&nbsp;&nbsp;\"CPF\":&nbsp;&nbsp;\"67879577696\",\n&nbsp;&nbsp;&nbsp;&nbsp;&nbsp;&nbsp;&nbsp;&nbsp;&nbsp;&nbsp;\"enderDest\":&nbsp;&nbsp;{\n&nbsp;&nbsp;&nbsp;&nbsp;&nbsp;&nbsp;&nbsp;&nbsp;&nbsp;&nbsp;&nbsp;&nbsp;\"fone\":&nbsp;&nbsp;\"995551234\",\n&nbsp;&nbsp;&nbsp;&nbsp;&nbsp;&nbsp;&nbsp;&nbsp;&nbsp;&nbsp;&nbsp;&nbsp;\"UF\":&nbsp;&nbsp;\"SP\",\n&nbsp;&nbsp;&nbsp;&nbsp;&nbsp;&nbsp;&nbsp;&nbsp;&nbsp;&nbsp;&nbsp;&nbsp;\"xPais\":&nbsp;&nbsp;\"BRASIL\",\n&nbsp;&nbsp;&nbsp;&nbsp;&nbsp;&nbsp;&nbsp;&nbsp;&nbsp;&nbsp;&nbsp;&nbsp;\"cPais\":&nbsp;&nbsp;\"1058\",\n&nbsp;&nbsp;&nbsp;&nbsp;&nbsp;&nbsp;&nbsp;&nbsp;&nbsp;&nbsp;&nbsp;&nbsp;\"xLgr\":&nbsp;&nbsp;\"AV FICTICIA\",\n&nbsp;&nbsp;&nbsp;&nbsp;&nbsp;&nbsp;&nbsp;&nbsp;&nbsp;&nbsp;&nbsp;&nbsp;&nbsp;&nbsp;\"xMun\":&nbsp;&nbsp;\"SAO PAULO\",\n&nbsp;&nbsp;&nbsp;&nbsp;&nbsp;&nbsp;&nbsp;&nbsp;&nbsp;&nbsp;&nbsp;&nbsp;\"nro\":&nbsp;&nbsp;\".\",\n&nbsp;&nbsp;&nbsp;&nbsp;&nbsp;&nbsp;&nbsp;&nbsp;&nbsp;&nbsp;&nbsp;&nbsp;\"cMun\":&nbsp;&nbsp;\"3500308\",\n&nbsp;&nbsp;&nbsp;&nbsp;&nbsp;&nbsp;&nbsp;&nbsp;&nbsp;&nbsp;&nbsp;&nbsp;\"xBairro\":&nbsp;&nbsp;\"SANTO AMARO FICTICIO\",\n&nbsp;&nbsp;&nbsp;&nbsp;&nbsp;&nbsp;&nbsp;&nbsp;&nbsp;&nbsp;&nbsp;&nbsp;\"CEP\":&nbsp;&nbsp;\"00033200\"\n&nbsp;&nbsp;&nbsp;&nbsp;&nbsp;&nbsp;&nbsp;&nbsp;&nbsp;&nbsp;},\n&nbsp;&nbsp;&nbsp;&nbsp;&nbsp;&nbsp;&nbsp;&nbsp;&nbsp;&nbsp;\"indIEDest\":&nbsp;&nbsp;\"9\"\n&nbsp;&nbsp;&nbsp;&nbsp;&nbsp;&nbsp;&nbsp;&nbsp;},\n&nbsp;&nbsp;&nbsp;&nbsp;&nbsp;&nbsp;&nbsp;&nbsp;\"versao\":&nbsp;&nbsp;\"3.1\",\n&nbsp;&nbsp;&nbsp;&nbsp;&nbsp;&nbsp;&nbsp;&nbsp;\"transp\":&nbsp;&nbsp;{\n&nbsp;&nbsp;&nbsp;&nbsp;&nbsp;&nbsp;&nbsp;&nbsp;&nbsp;&nbsp;\"modFrete\":&nbsp;&nbsp;\"0\",\n&nbsp;&nbsp;&nbsp;&nbsp;&nbsp;&nbsp;&nbsp;&nbsp;&nbsp;&nbsp;\"vol\":&nbsp;&nbsp;{\n&nbsp;&nbsp;&nbsp;&nbsp;&nbsp;&nbsp;&nbsp;&nbsp;&nbsp;&nbsp;&nbsp;&nbsp;\"pesoL\":&nbsp;&nbsp;\"116.944\",\n&nbsp;&nbsp;&nbsp;&nbsp;&nbsp;&nbsp;&nbsp;&nbsp;&nbsp;&nbsp;&nbsp;&nbsp;\"esp\":&nbsp;&nbsp;\"RESMAS\",\n&nbsp;&nbsp;&nbsp;&nbsp;&nbsp;&nbsp;&nbsp;&nbsp;&nbsp;&nbsp;&nbsp;&nbsp;\"qVol\":&nbsp;&nbsp;\"5\",\n&nbsp;&nbsp;&nbsp;&nbsp;&nbsp;&nbsp;&nbsp;&nbsp;&nbsp;&nbsp;&nbsp;&nbsp;\"pesoB\":&nbsp;&nbsp;\"116.944\",\n&nbsp;&nbsp;&nbsp;&nbsp;&nbsp;&nbsp;&nbsp;&nbsp;&nbsp;&nbsp;},\n&nbsp;&nbsp;&nbsp;&nbsp;&nbsp;&nbsp;&nbsp;&nbsp;&nbsp;&nbsp;\"transporta\":&nbsp;&nbsp;{\n&nbsp;&nbsp;&nbsp;&nbsp;&nbsp;&nbsp;&nbsp;&nbsp;&nbsp;&nbsp;&nbsp;&nbsp;\"xNome\":&nbsp;&nbsp;\"TRANSPORTADORA FICTICIA\"\n&nbsp;&nbsp;&nbsp;&nbsp;&nbsp;&nbsp;&nbsp;&nbsp;&nbsp;&nbsp;}\n&nbsp;&nbsp;&nbsp;&nbsp;&nbsp;&nbsp;&nbsp;&nbsp;}\n&nbsp;&nbsp;&nbsp;&nbsp;&nbsp;&nbsp;}\n&nbsp;&nbsp;&nbsp;&nbsp;},\n&nbsp;&nbsp;&nbsp;&nbsp;\"versao\":&nbsp;&nbsp;\"3.1\"\n&nbsp;&nbsp;}\n}"  
        },
        {
          "codigo": "400",
          "mensagem": "BAD REQUEST",
          "exemplo":"[\n\t{\n\t\t\"property\":\"ni\",\n\t\t\"message\":\"Chave NFe 35170608530528000184550000000154301000771561 inválida\"\n\t}\n]" 
        },
        {
          "codigo": "404",
          "mensagem": "NOT FOUND",
          "exemplo": "{}"
        },
        {
          "codigo": "500",
          "mensagem": "SERVER INTERNAL ERROR",
          "exemplo": "{\n\t\"error\":&nbsp\"no reponse from server\"\n}"
        }
      ]
    }
  ]
}
