{
  "host": "apigateway.serpro.gov.br",
  "security": [
    {
      "Bearer": []
    }
  ],
  "securityDefinitions": {
    "Bearer": {
      "type": "apiKey",
      "name": "Authorization",
      "in": "header"
    }
  },
  "swagger": "2.0",
  "info": {
    "version": "1.0.0",
    "title": "Integração SIAFI (api-siafi)",
    "description": "\nPara informações de como se autenticar antes de consumir as API, por favor, consulte a documentação em: http://devserpro.github.io/apis/ \n\n    \nO serviço `Integração SIAFI` é disponibilizado através do `HTTP REST` oferencendo operações de lançamento ao SIAFI.\n## Códigos de  Retorno não Tarifados \n| Código de retorno | Resumido | Explicação |\n| ------|------|------|\n| &nbsp | &nbsp | &nbsp | \n |500 | Erro no Servidor | Ocorreu algum erro no servidor.| \n\n## Endereço de Produção\n    https://apigateway.serpro.gov.br/api-siafi/1.0.0\n    \n## Endereço de Degustação\n    https://apigateway.serpro.gov.br/api-siafi-trial/1.0.0\n    "
  },
  "basePath": "/api-siafi/1.0.0",
  "paths": {
    "/ne/alterar": {
      "post": {
        "tags": [
          "Nota de Empenho"
        ],
        "summary": "Altera Nota de Empenho",
        "x-auth-type": "Application & Application User",
        "x-throttling-tier": "Unlimited",
        "description": "<h1><font color='black'>  Importante: </font> &nbsp; <font color='gray'>Estamos trabalhando para solucionar um problema de conexão ao nosso serviço, através do navegador Chrome. Enquanto isso, pedimos a gentileza de utilizar, para testes, o navegador Firefox. </font></h1> \n\n\n## Exemplo\n#### Chamada\n      [POST] https://apigateway.serpro.gov.br/api-siafi-trial/1.0.0/ne/alterar\n####\n#### Conteudo do corpo\n    {\n      \"dataEmissao\": \"31DEZ17\",\n      \"numeroDocumento\": \"\",               \n      \"ugEmitente\": \"010001\",\n      \"gestaoEmitente\": \"00001\",\n      \"numeroLista\": \"\",\n      \"taxaCambio\": \"\",\n      \"observacao\": \"Cancelamento de NE\",\n      \"valorTotalEmpenho\": \"555555\",\n      \"numeroProcesso\": \"0100\",\n      \"numeroOriginalConvenio\": \"0010\",\n      \"passivoAnterior\": \"N\",\n      \"contaPassivo\": \"\",\n      \"contaValor\": [\n      {\n        \"conta\": \"\",\n        \"valor\": \"\"\n      }\n    ],\n      \"contaPassivoFinanceiro\": \"string\",\n      \"especie\": \"02\",\n      \"ugReferencia\": \"010001\",\n      \"gestaoReferencia\": \"00001\",\n      \"numeroEmpenhoReferencia\": \"2017NE800051\",\n      \"numeroListaReferencia\": \"2017LI800097\",\n      \"listaItens\": [\n      {\n        \"subItemNd\": \"01\",\n        \"quantidade\": \"000000000000001\",\n        \"valorUnitario\": \"00000000000555555\",\n        \"valorTotal\": \"00000000000555555\",\n        \"descricao\": \"Teste alteração\"\n      }\n    ],\n      \"numeroTransacaoCliente\": \"2017TR000049\",\n      \"credencial\": {\n      \"cpf\": \"60165570644\",\n      \"ug\": \"010001\",\n      \"sistema\": \"SIAFI2017HM\"\n        }\n      }\n####\n#### Retorno\n    { \n      \"codigo\": 0,\n      \"mensagem\": \"010001000012017NE800060 010001000012017LI800106\",\n      \"erros\": [],\n      \"status\": 200\n    }",
        "consumes": [
          "application/json"
        ],
        "produces": [
          "application/json"
        ],
        "parameters": [
          {
            "description": "Dados da Nota de Empenho a ser alterada",
            "name": "body",
            "in": "body",
            "required": true,
            "schema": {
              "$ref": "#/definitions/AlteraNE"
            }
          }
        ],
        "responses": {
          "200": {
            "description": "Retorna os dados da Nota de Empenho Alterada",
            "schema": {
              "$ref": "#/definitions/NE"
            }
          },
          "400": {
            "description": "Algum campo enviado é inválido"
          },
          "403": {
            "description": "Usuário não tem permissão para realizar esta operação"
          },
          "500": {
            "description": "Erro interno do servidor"
          }
        }
      }
    },
    "/ne/anular": {
      "post": {
        "tags": [
          "Nota de Empenho"
        ],
        "summary": "Anula Nota de Empenho",
        "x-auth-type": "Application & Application User",
        "x-throttling-tier": "Unlimited",
        "description": "\n## Exemplo\n#### Chamada\n      [POST] https://apigateway.serpro.gov.br/api-siafi-trial/1.0.0/ne/anular\n####\n#### Conteudo do corpo\n    {\n        \"dataEmissao\": \"31DEZ17\",\n        \"numeroDocumento\": \"\",               \n        \"ugEmitente\": \"010001\",\n        \"gestaoEmitente\": \"00001\",\n        \"numeroLista\": \"\",\n        \"taxaCambio\": \"\",\n        \"observacao\": \"Anulação de NE\",\n        \"valorTotalEmpenho\": \"555555\",\n        \"numeroProcesso\": \"0100\",\n        \"numeroOriginalConvenio\": \"0010\",\n        \"passivoAnterior\": \"N\",\n        \"contaPassivo\": \"\",\n        \"contaValor\": [\n        {\n          \"conta\": \"\",\n          \"valor\": \"\"\n        }\n      ],\n        \"contaPassivoFinanceiro\": \"string\",\n        \"especie\": \"03\",\n        \"ugReferencia\": \"010001\",\n        \"gestaoReferencia\": \"00001\",\n        \"numeroEmpenhoReferencia\": \"2017NE800049\",\n        \"numeroListaReferencia\": \"2017LI800095\",\n        \"listaItens\": [\n       {\n          \"subItemNd\": \"01\",\n          \"quantidade\": \"000000000000001\",\n          \"valorUnitario\": \"00000000000555555\",\n          \"valorTotal\": \"00000000000555555\",\n          \"descricao\": \"Teste Anulação\"\n        }\n      ],\n        \"numeroTransacaoCliente\": \"2017TR000043\",\n        \"credencial\": {\n          \"cpf\": \"60165570644\",\n          \"ug\": \"010001\",\n          \"sistema\": \"SIAFI2017HM\"\n      }\n    }\n####\n#### Retorno\n    { \n      \"codigo\": 0,\n      \"mensagem\": \"010001000012017NE800058 010001000012017LI800104\",\n      \"erros\": [],\n      \"status\": 200\n    }",
        "consumes": [
          "application/json"
        ],
        "produces": [
          "application/json"
        ],
        "parameters": [
          {
            "description": "Dados da Nota de Empenho a ser anulada",
            "name": "body",
            "in": "body",
            "required": true,
            "schema": {
              "$ref": "#/definitions/AnulaNE"
            }
          }
        ],
        "responses": {
          "200": {
            "description": "Retorna os dados da Nota de Empenho Anulada",
            "schema": {
              "$ref": "#/definitions/NE"
            }
          },
          "400": {
            "description": "Algum campo enviado é inválido"
          },
          "403": {
            "description": "Usuário não tem permissão para realizar esta operação"
          },
          "500": {
            "description": "Erro interno do servidor"
          }
        }
      }
    },
    "/ne/consultaTransacao": {
      "post": {
        "tags": [
          "Nota de Empenho"
        ],
        "summary": "Consulta Número da Transação",
        "x-auth-type": "Application & Application User",
        "x-throttling-tier": "Unlimited",
        "description": "\n## Exemplo\n#### Chamada\n      [POST] https://apigateway.serpro.gov.br/api-siafi-trial/1.0.0/ne/consultaTransacao\n####\n#### Conteudo do corpo\n    {\n      \"numeroTransacaoCliente\": \"2017TR000045\",\n      \"credencial\": {\n        \"cpf\": \"60165570644\",\n        \"ug\": \"010001\",\n        \"sistema\": \"SIAFI2017HM\"\n      }\n    }\n####\n#### Retorno\n    { \n      \"codigo\": 0,\n      \"mensagem\": \"010001000012017NE800058 010001000012017LI800104\",\n      \"erros\": [],\n      \"status\": 200\n    }",
        "consumes": [
          "application/json"
        ],
        "produces": [
          "application/json"
        ],
        "parameters": [
          {
            "description": "Dados da Transação a ser Consultada",
            "name": "body",
            "in": "body",
            "required": true,
            "schema": {
              "$ref": "#/definitions/ConsultaTransacao"
            }
          }
        ],
        "responses": {
          "200": {
            "description": "Retorna os dados referentes ao número da Transação informado",
            "schema": {
              "$ref": "#/definitions/NE"
            }
          },
          "400": {
            "description": "Algum campo enviado é inválido"
          },
          "403": {
            "description": "Usuário não tem permissão para realizar esta operação"
          },
          "500": {
            "description": "Erro interno do servidor"
          }
        }
      }
    },
    "/ne/consultar": {
      "post": {
        "tags": [
          "Nota de Empenho"
        ],
        "summary": "Consulta Nota de Empenho",
        "x-auth-type": "Application & Application User",
        "x-throttling-tier": "Unlimited",
        "description": "\n## Exemplo\n#### Chamada\n    [POST] https://apigateway.serpro.gov.br/api-siafi-trial/1.0.0/ne/consultar\n####\n#### Conteudo do corpo - O Json de entrada abaixo realiza a consulta de uma NFe\n\n    {\n      \"ano\": \"2018\",\n      \"ug\": \"010001\",\n      \"gestao\": \"00001\",\n      \"numero\": \"800017\"\n    }\n  ####\n  #### Retorno - O Json de saida abaixo mostra o resultada da consulta da NFe\n    {\n    codigo: 0\n    mensagem:\n      dataEmissao: 14Jun18\n      saldoPagar: ''\n      numeroNota: 2018NE800017\n      ugEmitente: '010001'\n      nomeUgEmitente: CAMARA DOS DEPUTADOS\n      gestaoEmitente: '00001'\n      nomeGestaoEmitente: TESOURO NACIONAL\n      nomeFavorecido: CAMARA DOS DEPUTADOS\n      tipoFavorecido: '4'\n      codigoFavorecido: '01000100001'\n      sicaf: ''\n      operacaoCambial: '0000000000'\n      observacao: TESTE NE-01\n      evento: '401091'\n      esfera: '1'\n      ptres: '000001'\n      fonte: '0100000000'\n      codigoND: '339030'\n      ugResponsavel: 010019\n      planoInterno: AAA\n      valorEmpenho: '00000000000000001'\n      tipoEmpenho: ORDINARIO\n      sistemaOrigem: APISIAFI\n      docReferenciaOriginal: ''\n      numDocReferencia: ''\n      passivoAnterior: NAO\n      contaPassivo: ''\n      nomeModalidade: NAO SE APLICA\n      nomeAmparo: ''\n      inciso: ''\n      numeroProcesso: 103.504/1999\n      indicadorPagPrecatorio: ''\n      siglaUF: DF\n      codigoMunicipioBeneficiado: '9701'\n      origemMaterial: NACIONAL\n      referenciaDispensa: ''\n      numeroOriginal: ''\n      informacoesLancamentos: 'LANCADO POR : 60165570644 - ANDERSON          UG : 010001   14Jun18   14:33'\n      contaCorrenteFinanceiro: F0100000000\n      contasPermanentes: []\n      numeroLista: 2018LI800043\n      subItens:\n        - numero: '00'\n          valor: '01'\n          seq: '000'\n          qtd: ''\n          valorTotal: '00000000000000001'\n          descricao: LISTA NE-01\n        - numero: '1'\n          valor: ''\n          seq: '000'\n          qtd: ''\n          valorTotal: ''\n          descricao: ''\n      subItensSaldo:\n        - numero: '01'\n          valor: '00000000000000001'\n      nsaldo: ''\n    erros: []\n    status: 200\n    }      ",
        "consumes": [
          "application/json"
        ],
        "produces": [
          "application/json"
        ],
        "parameters": [
          {
            "description": "Dados da Nota de Empenho a ser consultada",
            "name": "body",
            "in": "body",
            "required": true,
            "schema": {
              "$ref": "#/definitions/ConsultaNE"
            }
          }
        ],
        "responses": {
          "200": {
            "description": "Retorna os dados da Nota de Empenho",
            "schema": {
              "$ref": "#/definitions/DadosNE"
            }
          },
          "400": {
            "description": "Algum campo enviado é inválido"
          },
          "403": {
            "description": "Usuário não tem permissão para realizar esta operação"
          },
          "500": {
            "description": "Erro interno do servidor"
          }
        }
      }
    },
    "/ne/realizar": {
      "post": {
        "tags": [
          "Nota de Empenho"
        ],
        "summary": "Adiciona Nota de Empenho",
        "x-auth-type": "Application & Application User",
        "x-throttling-tier": "Unlimited",
        "description": "\n## Exemplo\n#### Chamada\n      [POST] https://apigateway.serpro.gov.br/api-siafi-trial/1.0.0/ne/realizar\n####\n#### Conteudo do corpo\n    {\n        \"dataEmissao\": \"31DEZ17\",\n        \"numeroDocumento\": \"\",               \n        \"ugEmitente\": \"010001\",\n        \"gestaoEmitente\": \"00001\",\n        \"numeroLista\": \"\",\n        \"taxaCambio\": \"\",\n        \"observacao\": \"Inclusao de NE\",\n        \"valorTotalEmpenho\": \"555555\",\n        \"numeroProcesso\": \"0100\",\n        \"numeroOriginalConvenio\": \"0010\",\n        \"passivoAnterior\": \"N\",\n        \"contaPassivo\": \"\",\n        \"contaValor\": [\n         {\n          \"conta\": \"\",\n          \"valor\": \"\"\n          }\n        ],\n        \"contaPassivoFinanceiro\": \"string\",\n        \"favorecido\": \"75793032720\",\n        \"gestaoFavorecido\": \"\",\n        \"esferaOrcamentaria\": \"3\",\n        \"codigoUO\": \"\",\n        \"codigoProgramaTrabalho\": \"000001\",\n        \"fonteRecursos\": \"0100000000\",\n        \"naturezaDespesa\": \"339030\",\n        \"unidadeGestoraResponsavel\": \"\",\n        \"planoInterno\": \"\",\n        \"indicadorResultado\": \"\",\n        \"indicadorTipoCredito\": \"\",\n        \"planoOrcamentario\": \"\",\n        \"codigoAutorEmenda\": \"\",\n        \"tipoEmpenho\": \"1\",                        \n        \"modalidadeLicitacao\": \"08\",\n        \"amparoLegal\": \"\",\n        \"inciso\": \"\",\n        \"origemMaterial\": \"1\",\n        \"municipioBeneficiado\": \"9701\",\n        \"ufBeneficiada\": \"DF\",\n        \"dataVencimento\": [\n          \"31DEZ17\"\n        ],\n        \"dataRecebimento\": [\n          \"31DEZ17\"\n        ],\n        \"valorCompromisso\": [\n          \"555555\"\n        ],\n        \"listaItens\": [\n          {\n            \"subItemNd\": \"01\",\n            \"quantidade\": \"1\",\n            \"valorUnitario\": \"555555\",\n            \"valorTotal\": \"555555\",\n            \"descricao\": \"Testando inclusao de NE\"\n          }\n        ],\n        \"numeroTransacaoCliente\": \"2017TR000033\",\n        \"credencial\": {\n            \"cpf\": \"60165570644\",\n            \"ug\": \"010001\",\n            \"sistema\": \"SIAFI2017HM\"\n        }\n    }\n####\n#### Retorno\n    { \n      \"codigo\": 0,\n      \"mensagem\": \"010001000012017NE800054 010001000012017LI800101\",\n      \"erros\": [],\n      \"status\": 200\n      }\n    }",
        "consumes": [
          "application/json"
        ],
        "produces": [
          "application/json"
        ],
        "parameters": [
          {
            "description": "Dados da Nota de Empenho a ser adicionada",
            "name": "body",
            "in": "body",
            "required": true,
            "schema": {
              "$ref": "#/definitions/RealizaNE"
            }
          }
        ],
        "responses": {
          "200": {
            "description": "Retorna os dados da Nota de Empenho Adicionada",
            "schema": {
              "$ref": "#/definitions/NE"
            }
          },
          "400": {
            "description": "Algum campo enviado é inválido"
          },
          "403": {
            "description": "Usuário não tem permissão para realizar esta operação"
          },
          "500": {
            "description": "Erro interno do servidor"
          }
        }
      }
    },
    "/ne/reforcar": {
      "post": {
        "tags": [
          "Nota de Empenho"
        ],
        "summary": "Reforça Nota de Empenho",
        "x-auth-type": "Application & Application User",
        "x-throttling-tier": "Unlimited",
        "description": "\n## Exemplo\n#### Chamada\n      [POST] https://apigateway.serpro.gov.br/api-siafi-trial/1.0.0/ne/reforcar\n####\n#### Conteudo do corpo\n    {\n      \"dataEmissao\": \"31DEZ17\",\n      \"numeroDocumento\": \"\",               \n      \"ugEmitente\": \"010001\",\n      \"gestaoEmitente\": \"00001\",\n      \"numeroLista\": \"\",\n      \"taxaCambio\": \"\",\n      \"observacao\": \"Reforço de NE\",\n      \"valorTotalEmpenho\": \"555555\",\n      \"numeroProcesso\": \"0100\",\n      \"numeroOriginalConvenio\": \"0010\",\n      \"passivoAnterior\": \"N\",\n      \"contaPassivo\": \"\",\n      \"contaValor\": [\n      {\n        \"conta\": \"\",\n        \"valor\": \"\"\n      }\n    ],\n      \"contaPassivoFinanceiro\": \"string\",\n      \"especie\": \"02\",\n      \"ugReferencia\": \"010001\",\n      \"gestaoReferencia\": \"00001\",\n      \"numeroEmpenhoReferencia\": \"2017NE800050\",\n      \"numeroListaReferencia\": \"2017LI800096\",\n      \"listaItens\": [\n      {\n        \"subItemNd\": \"01\",\n        \"quantidade\": \"000000000000001\",\n        \"valorUnitario\": \"00000000000555555\",\n        \"valorTotal\": \"00000000000555555\",\n        \"descricao\": \"Teste Anulação\"\n      }\n    ],\n      \"numeroTransacaoCliente\": \"2017TR000046\",\n      \"credencial\": {\n        \"cpf\": \"60165570644\",\n        \"ug\": \"010001\",\n        \"sistema\": \"SIAFI2017HM\"\n      }\n    }\n####\n#### Retorno\n    { \n      \"codigo\": 0,\n      \"mensagem\": \"010001000012017NE800059 010001000012017LI800105\",\n      \"erros\": [],\n      \"status\": 200\n      }\n    }",
        "consumes": [
          "application/json"
        ],
        "produces": [
          "application/json"
        ],
        "parameters": [
          {
            "description": "Dados da Nota de Empenho a ser reforçada",
            "name": "body",
            "in": "body",
            "required": true,
            "schema": {
              "$ref": "#/definitions/ReforcaNE"
            }
          }
        ],
        "responses": {
          "200": {
            "description": "Retorna os dados da Nota de Empenho Reforçada",
            "schema": {
              "$ref": "#/definitions/NE"
            }
          },
          "400": {
            "description": "Algum campo enviado é inválido"
          },
          "403": {
            "description": "Usuário não tem permissão para realizar esta operação"
          },
          "500": {
            "description": "Erro interno do servidor"
          }
        }
      }
    },
    "/nota-credito/{ug}/{gestao}/{ano}/{numero}": {
      "get": {
        "tags": [
          "Nota de Crédito"
        ],
        "summary": "Consulta Nota de Crédito",
        "description": "Consulta uma Nota de Cŕedito existente\n\n## Exemplo\n#### URL de consulta a uma Nota de Crédito\n\n    https://apigateway.serpro.gov.br/api-siafi-trial/1.0.0/nota-credito/010001/00001/2018/800001\n    \n    No header:\n      x-credencial: MTExMTExMTExMTEuMDEwMDAxLlNJQUZJMjAxOA==\n      (valor referente às credenciais 11111111111.010001.SIAFI2018 convertido em Base64. Mais informações na descrição do parâmetro x-credencial, abaixo)\n      \n#### Exemplo de retorno da operação\n    {\n      \"dataEmissao\": \"23Fev18\",\n      \"numeroLancamento\": \"010001000012\",\n      \"ugEmitente\": \"\",\n      \"gestaoEmitente\": \"\",\n      \"ugFavorecida\": \"10001\",\n      \"gestaoFavorecida\": \"1\",\n      \"opCambial\": \"0\",\n      \"numeroTransferencia\": \"0\",\n      \"espacoBranco\": \"\",\n      \"observacao\": \"TESTE\",\n      \"mesLancamento\": null,\n      \"qtdLancamento\": null,\n      \"numOriginal\": null,\n      \"sistemaOrigem\": null,\n      \"listaEventos\": [\n        {\n          \"evento\": \"300062\",\n          \"esferaOrcamentaria\": \"1\",\n          \"unidadeOrcamentaria\": null,\n          \"programaTrabalho\": \"1\",\n          \"resultado\": \"\",\n          \"tipoCredito\": \"\",\n          \"planoOrcamentario\": \"\",\n          \"autorEmenda\": \"\",\n          \"fonteRecurso\": \"0100000000\",\n          \"naturezaDespesa\": \"339039\",\n          \"subitem\": \"\",\n          \"ugResponsavel\": \"10001\",\n          \"planoInterno\": \"\",\n          \"valorTransacao\": \"10000\"\n        }\n      ]\n    }",
        "consumes": [
          "application/json"
        ],
        "produces": [
          "application/json"
        ],
        "parameters": [
          {
            "name": "ug",
            "in": "path",
            "description": "Código da UG emitente",
            "required": true,
            "type": "string"
          },
          {
            "name": "gestao",
            "in": "path",
            "description": "Código da Gestão",
            "required": true,
            "type": "string"
          },
          {
            "name": "ano",
            "in": "path",
            "description": "Ano da Nota de Crédito",
            "required": true,
            "type": "string"
          },
          {
            "name": "numero",
            "in": "path",
            "description": "Número da Nota de Crédito",
            "required": true,
            "type": "string"
          },
          {
            "name": "x-credencial",
            "in": "path",
            "description": "Credenciais de acesso ao SIAFI, no formato [CPF].[UG].[SISTEMA], convertido em Base64.",
            "required": true,
            "type": "string"
          }
        ],
        "responses": {
          "200": {
            "description": "Nota de Crédito encontrada e retornada",
            "schema": {
              "$ref": "#/definitions/NotaCredito"
            }
          },
          "400": {
            "description": "Algum campo possui informações inválidas"
          },
          "403": {
            "description": "Credencial informada não possui permissão para consultar a Nota de Crédito"
          },
          "404": {
            "description": "Nota de Crédito inexistente"
          },
          "500": {
            "description": "Erro interno do servidor"
          }
        }
      }
    },
    "/nota-credito": {
      "post": {
        "tags": [
          "Nota de Crédito"
        ],
        "summary": "Gera Nota de Crédito",
        "description": "Gera uma Nota de Crédito com as informações passadas no JSON de entrada\n\n## Exemplo\n#### URL de chamada\n\n    https://apigateway.serpro.gov.br/api-siafi-trial/1.0.0/nota-credito\n    \n    No header:\n      x-credencial: MTExMTExMTExMTEuMDEwMDAxLlNJQUZJMjAxOA==\n      (valor referente às credenciais 11111111111.010001.SIAFI2018 convertido em Base64. Mais informações na descrição do parâmetro x-credencial, abaixo) \n\n<br/>\n\n#### JSON de Entrada (para receber um erro 400, mude o campo tipoRegistro para 1)\n\n    {\n      \"dataEmissao\": \"14MAI18\",\n      \"numero\": \"2018NC800017\",\n      \"ugEmitente\": \"010001\",\n      \"gestaoEmitente\": \"00001\",\n      \"ugFavorecida\": \"010001\",\n      \"gestaoFavorecida\": \"00001\",\n      \"taxaCambio\": \"\",\n      \"numeroTransferencia\": \"\",\n      \"observacao\": \"TESTE INCLUSAO NC\",\n      \"listaEventos\": [\n        {\n          \"evento\": \"300062\",\n          \"esferaOrcamentaria\": \"1\",\n          \"ptres\": \"1\",\n          \"fonteRecurso\": \"0100000000\",\n          \"naturezaDespesa\": \"339039\",\n          \"subitem\": \"\",\n          \"ugResponsavel\": \"0100001\",\n          \"planoInterno\": \"\",   \n          \"valor\": \"00000000000100000\"\n        }\n      ]\n    }\n    \n#### Exemplo de retorno\n\n    {\n      \"ug\": \"010001\",\n      \"gestao\": \"00001\",\n      \"ano\": \"2018\",\n      \"tipoDoc\": \"NC\",\n      \"sequencialDoc\": \"800017\"\n    }",
        "consumes": [
          "application/json"
        ],
        "produces": [
          "application/json"
        ],
        "parameters": [
          {
            "in": "body",
            "name": "body",
            "description": "Dados da Nota de Crédito a ser gerada",
            "required": true,
            "schema": {
              "$ref": "#/definitions/GeraNC"
            }
          },
          {
            "in": "path",
            "name": "x-credencial",
            "description": "Credenciais de acesso ao SIAFI, no formato [CPF].[UG].[SISTEMA], convertido em Base64.",
            "required": true,
            "type": "string"
          }
        ],
        "responses": {
          "201": {
            "description": "Nota de Crédito gerada com sucesso",
            "schema": {
              "$ref": "#/definitions/NCGerada"
            }
          },
          "400": {
            "description": "Algum campo possui informações inválidas"
          },
          "403": {
            "description": "Credencial informada não possui permissão para gerar a Nota de Cŕedito"
          },
          "500": {
            "description": "Erro interno do servidor"
          }
        }
      }
    },
    "/status": {
      "get": {
        "tags": [
          "Status"
        ],
        "summary": "Verifica status da API",
        "responses": {
          "200": {
            "description": "Serviço disponível",
            "schema": {
              "$ref": "#/definitions/Status"
            },
            "examples": {
              "lastUpdateAt": "2019-02-18T11:27:06-03:00"
            }
          },
          "500": {
            "description": "Serviço indisponível",
            "schema": {
              "$ref": "#/definitions/Status"
            },
            "examples": {
              "lastUpdateAt": "2019-02-18T11:27:06-03:00"
            }
          }
        }
      }
    }
  },
  "schemes": [
    "https"
  ],
  "definitions": {
    "Status": {
      "type": "object",
      "properties": {
        "lastUpdateAt": {
          "type": "string",
          "format": "date-time"
        }
      }
    },
    "NotaCredito": {
      "properties": {
        "dataEmissao": {
          "type": "string"
        },
        "numero": {
          "type": "string"
        },
        "ugEmitente": {
          "type": "string"
        },
        "gestaoEmitente": {
          "type": "string"
        },
        "ugFavorecida": {
          "type": "string"
        },
        "gestaoFavorecida": {
          "type": "string"
        },
        "taxaCambio": {
          "type": "string"
        },
        "numeroTransferencia": {
          "type": "string"
        },
        "observacao": {
          "type": "string"
        },
        "listaEventos": {
          "type": "array",
          "items": {
            "$ref": "#/definitions/EventoNC"
          }
        }
      }
    },
    "GeraNC": {
      "properties": {
        "dataEmissao": {
          "type": "string"
        },
        "numero": {
          "type": "string"
        },
        "ugEmitente": {
          "type": "string"
        },
        "gestaoEmitente": {
          "type": "string"
        },
        "ugFavorecida": {
          "type": "string"
        },
        "gestaoFavorecida": {
          "type": "string"
        },
        "taxaCambio": {
          "type": "string"
        },
        "numeroTransferencia": {
          "type": "string"
        },
        "observacao": {
          "type": "string"
        },
        "listaEventos": {
          "type": "array",
          "items": {
            "$ref": "#/definitions/EventoNC"
          }
        }
      }
    },
    "NCGerada": {
      "properties": {
        "ug": {
          "type": "string"
        },
        "gestao": {
          "type": "string"
        },
        "ano": {
          "type": "string"
        },
        "tipoDoc": {
          "type": "string"
        },
        "sequencialDoc": {
          "type": "string"
        }
      }
    },
    "EventoNC": {
      "properties": {
        "evento": {
          "type": "string"
        },
        "esferaOrcamentaria": {
          "type": "string"
        },
        "ptres": {
          "type": "string"
        },
        "fonteRecurso": {
          "type": "string"
        },
        "naturezaDespesa": {
          "type": "string"
        },
        "subitem": {
          "type": "string"
        },
        "ugResponsavel": {
          "type": "string"
        },
        "planoInterno": {
          "type": "string"
        },
        "valor": {
          "type": "string"
        }
      }
    },
    "Credencial": {
      "properties": {
        "cpf": {
          "type": "string"
        },
        "ug": {
          "type": "string"
        },
        "sistema": {
          "type": "string"
        }
      }
    },
    "AlteraNE": {
      "properties": {
        "dataEmissao": {
          "type": "string"
        },
        "numeroDocumento": {
          "type": "string"
        },
        "ugEmitente": {
          "type": "string"
        },
        "gestaoEmitente": {
          "type": "string"
        },
        "numeroLista": {
          "type": "string"
        },
        "taxaCambio": {
          "type": "string"
        },
        "observacao": {
          "type": "string"
        },
        "valorTotalEmpenho": {
          "type": "string"
        },
        "numeroProcesso": {
          "type": "string"
        },
        "numeroOriginalConvenio": {
          "type": "string"
        },
        "passivoAnterior": {
          "type": "string"
        },
        "contaPassivo": {
          "type": "string"
        },
        "contaValor": {
          "$ref": "#/definitions/Conta"
        },
        "contaPassivoFinanceiro": {
          "type": "string"
        },
        "especie": {
          "type": "string"
        },
        "ugReferencia": {
          "type": "string"
        },
        "gestaoReferencia": {
          "type": "string"
        },
        "numeroEmpenhoReferencia": {
          "type": "string"
        },
        "listaItens": {
          "$ref": "#/definitions/listaItens"
        },
        "numeroTransacaoCliente": {
          "type": "string"
        },
        "credencial": {
          "$ref": "#/definitions/Credencial"
        }
      }
    },
    "AnulaNE": {
      "properties": {
        "dataEmissao": {
          "type": "string"
        },
        "numeroDocumento": {
          "type": "string"
        },
        "ugEmitente": {
          "type": "string"
        },
        "gestaoEmitente": {
          "type": "string"
        },
        "numeroLista": {
          "type": "string"
        },
        "taxaCambio": {
          "type": "string"
        },
        "observacao": {
          "type": "string"
        },
        "valorTotalEmpenho": {
          "type": "string"
        },
        "numeroProcesso": {
          "type": "string"
        },
        "numeroOriginalConvenio": {
          "type": "string"
        },
        "passivoAnterior": {
          "type": "string"
        },
        "contaPassivo": {
          "type": "string"
        },
        "contaValor": {
          "$ref": "#/definitions/Conta"
        },
        "contaPassivoFinanceiro": {
          "type": "string"
        },
        "especie": {
          "type": "string"
        },
        "ugReferencia": {
          "type": "string"
        },
        "gestaoReferencia": {
          "type": "string"
        },
        "numeroEmpenhoReferencia": {
          "type": "string"
        },
        "listaItens": {
          "$ref": "#/definitions/listaItens"
        },
        "numeroTransacaoCliente": {
          "type": "string"
        },
        "credencial": {
          "$ref": "#/definitions/Credencial"
        }
      }
    },
    "ConsultaTransacao": {
      "properties": {
        "numeroTransacaoCliente": {
          "type": "string"
        },
        "credencial": {
          "type": "object",
          "properties": {
            "cpf": {
              "type": "string"
            },
            "ug": {
              "type": "string"
            },
            "sistema": {
              "type": "string"
            }
          }
        }
      }
    },
    "ConsultaNE": {
      "properties": {
        "ano": {
          "type": "string"
        },
        "ug": {
          "type": "string"
        },
        "gestao": {
          "type": "string"
        },
        "numero": {
          "type": "string"
        }
      }
    },
    "RealizaNE": {
      "properties": {
        "dataEmissao": {
          "type": "string"
        },
        "numeroDocumento": {
          "type": "string"
        },
        "ugEmitente": {
          "type": "string"
        },
        "gestaoEmitente": {
          "type": "string"
        },
        "numeroLista": {
          "type": "string"
        },
        "taxaCambio": {
          "type": "string"
        },
        "observacao": {
          "type": "string"
        },
        "valorTotalEmpenho": {
          "type": "string"
        },
        "numeroProcesso": {
          "type": "string"
        },
        "numeroOriginalConvenio": {
          "type": "string"
        },
        "passivoAnterior": {
          "type": "string"
        },
        "contaPassivo": {
          "type": "string"
        },
        "contaValor": {
          "type": "object",
          "properties": {
            "conta": {
              "type": "string"
            },
            "valor": {
              "type": "string"
            }
          }
        },
        "contaPassivoFinanceiro": {
          "type": "string"
        },
        "favorecido": {
          "type": "string"
        },
        "gestaoFavorecido": {
          "type": "string"
        },
        "esferaOrcamentaria": {
          "type": "string"
        },
        "codigoUO": {
          "type": "string"
        },
        "codigoProgramaTrabalho": {
          "type": "string"
        },
        "fonteRecursos": {
          "type": "string"
        },
        "naturezaDespesa": {
          "type": "string"
        },
        "unidadeGestoraResponsavel": {
          "type": "string"
        },
        "planoInterno": {
          "type": "string"
        },
        "indicadorResultado": {
          "type": "string"
        },
        "indicadorTipoCredito": {
          "type": "string"
        },
        "planoOrcamentario": {
          "type": "string"
        },
        "codigoAutorEmenda": {
          "type": "string"
        },
        "tipoEmpenho": {
          "type": "string"
        },
        "modalidadeLicitacao": {
          "type": "string"
        },
        "amparoLegal": {
          "type": "string"
        },
        "inciso": {
          "type": "string"
        },
        "origemMaterial": {
          "type": "string"
        },
        "municipioBeneficiado": {
          "type": "string"
        },
        "ufBeneficiada": {
          "type": "string"
        },
        "dataVencimento": {
          "type": "string"
        },
        "dataRecebimento": {
          "type": "string"
        },
        "valorCompromisso": {
          "type": "string"
        },
        "listaItens": {
          "type": "object",
          "properties": {
            "subItemNd": {
              "type": "string"
            },
            "quantidade": {
              "type": "string"
            },
            "valorUnitario": {
              "type": "string"
            },
            "valorTotal": {
              "type": "string"
            },
            "descricao": {
              "type": "string"
            }
          }
        },
        "numeroTransacaoCliente": {
          "type": "string"
        },
        "credencial": {
          "type": "object",
          "properties": {
            "cpf": {
              "type": "string"
            },
            "ug": {
              "type": "string"
            },
            "sistema": {
              "type": "string"
            }
          }
        }
      }
    },
    "ReforcaNE": {
      "properties": {
        "dataEmissao": {
          "type": "string"
        },
        "numeroDocumento": {
          "type": "string"
        },
        "ugEmitente": {
          "type": "string"
        },
        "gestaoEmitente": {
          "type": "string"
        },
        "numeroLista": {
          "type": "string"
        },
        "taxaCambio": {
          "type": "string"
        },
        "observacao": {
          "type": "string"
        },
        "valorTotalEmpenho": {
          "type": "string"
        },
        "numeroProcesso": {
          "type": "string"
        },
        "numeroOriginalConvenio": {
          "type": "string"
        },
        "passivoAnterior": {
          "type": "string"
        },
        "contaPassivo": {
          "type": "string"
        },
        "contaValor": {
          "type": "object",
          "properties": {
            "conta": {
              "type": "string"
            },
            "valor": {
              "type": "string"
            }
          }
        },
        "contaPassivoFinanceiro": {
          "type": "string"
        },
        "especie": {
          "type": "string"
        },
        "ugReferencia": {
          "type": "string"
        },
        "gestaoReferencia": {
          "type": "string"
        },
        "numeroEmpenhoReferencia": {
          "type": "string"
        },
        "numeroListaReferencia": {
          "type": "string"
        },
        "listaItens": {
          "type": "object",
          "properties": {
            "subItemNd": {
              "type": "string"
            },
            "quantidade": {
              "type": "string"
            },
            "valorUnitario": {
              "type": "string"
            },
            "valorTotal": {
              "type": "string"
            },
            "descricao": {
              "type": "string"
            }
          }
        },
        "numeroTransacaoCliente": {
          "type": "string"
        },
        "credencial": {
          "type": "object",
          "properties": {
            "cpf": {
              "type": "string"
            },
            "ug": {
              "type": "string"
            },
            "sistema": {
              "type": "string"
            }
          }
        }
      }
    },
    "NE": {
      "properties": {
        "codigo": {
          "type": "integer"
        },
        "mensagem": {
          "type": "string"
        },
        "erros": {
          "type": "array",
          "items": {
            "type": "string"
          }
        },
        "status": {
          "type": "integer"
        }
      }
    },
    "DadosNE": {
      "properties": {
        "dataEmissao": {
          "type": "string"
        },
        "saldoPagar": {
          "type": "string"
        },
        "numeroNota": {
          "type": "string"
        },
        "ugEmitente": {
          "type": "string"
        },
        "nomeUgEmitente": {
          "type": "string"
        },
        "gestaoEmitente": {
          "type": "string"
        },
        "nomeGestaoEmitente": {
          "type": "string"
        },
        "nomeFavorecido": {
          "type": "string"
        },
        "tipoFavorecido": {
          "type": "string"
        },
        "codigoFavorecido": {
          "type": "string"
        },
        "sicaf": {
          "type": "string"
        },
        "operacaoCambial": {
          "type": "string"
        },
        "observacao": {
          "type": "string"
        },
        "evento": {
          "type": "string"
        },
        "esfera": {
          "type": "string"
        },
        "ptres": {
          "type": "string"
        },
        "fonte": {
          "type": "string"
        },
        "codigoND": {
          "type": "string"
        },
        "ugResponsavel": {
          "type": "string"
        },
        "planoInterno": {
          "type": "string"
        },
        "valorEmpenho": {
          "type": "string"
        },
        "tipoEmpenho": {
          "type": "string"
        },
        "sistemaOrigem": {
          "type": "string"
        },
        "docReferenciaOriginal": {
          "type": "string"
        },
        "numDocReferencia": {
          "type": "string"
        },
        "passivoAnterior": {
          "type": "string"
        },
        "contaPassivo": {
          "type": "string"
        },
        "nomeModalidade": {
          "type": "string"
        },
        "nomeAmparo": {
          "type": "string"
        },
        "inciso": {
          "type": "string"
        },
        "numeroProcesso": {
          "type": "string"
        },
        "indicadorPagPrecatorio": {
          "type": "string"
        },
        "siglaUF": {
          "type": "string"
        },
        "codigoMunicipioBeneficiado": {
          "type": "string"
        },
        "origemMaterial": {
          "type": "string"
        },
        "referenciaDispensa": {
          "type": "string"
        },
        "numeroOriginal": {
          "type": "string"
        },
        "informacoesLancamentos": {
          "type": "string"
        },
        "contaCorrenteFinanceiro": {
          "type": "string"
        },
        "contasPermanentes": {
          "type": "array",
          "items": {
            "$ref": "#/definitions/Conta"
          }
        },
        "numeroLista": {
          "type": "string"
        },
        "subItens": {
          "type": "array",
          "items": {
            "$ref": "#/definitions/subItem"
          }
        },
        "subItensSaldo": {
          "type": "array",
          "items": {
            "$ref": "#/definitions/subItemSaldo"
          }
        },
        "nsaldo": {
          "type": "string"
        }
      }
    },
    "listaItens": {
      "properties": {
        "subItemNd": {
          "type": "string"
        },
        "quantidade": {
          "type": "string"
        },
        "valorUnitario": {
          "type": "string"
        },
        "descricao": {
          "type": "string"
        }
      }
    },
    "subItemSaldo": {
      "properties": {
        "numero": {
          "type": "string"
        },
        "valor": {
          "type": "string"
        }
      }
    },
    "subItem": {
      "properties": {
        "numero": {
          "type": "string"
        },
        "valor": {
          "type": "string"
        },
        "seq": {
          "type": "string"
        },
        "qtd": {
          "type": "string"
        },
        "valorTotal": {
          "type": "string"
        },
        "descricao": {
          "type": "string"
        }
      }
    },
    "Conta": {
      "properties": {
        "conta": {
          "type": "string"
        },
        "valor": {
          "type": "string"
        }
      }
    }
  }
}

